-1.0989383750e+06,-1.0412493125e+06,-1.0308470000e+06,-9.5591962500e+05,-5.1316825000e+05,-5.7962666667e+04,1.3786910000e+06,1.9680262500e+06,1.1876070000e+06,1.0711762500e+06,9.3682150000e+05,9.6480500000e+05,1.3799068125e+06,1.5466636250e+06
-1.1024552500e+06,-1.0799426250e+06,-1.0037867500e+06,-9.3927950000e+05,-5.5326250000e+05,-1.2321200000e+05,9.5598500000e+05,1.9707130000e+06,1.5460320000e+06,1.0857602500e+06,9.7794425000e+05,1.1443578750e+06,1.5405976250e+06,1.6528725000e+06
-1.0690462500e+06,-1.1157375000e+06,-9.9244237500e+05,-9.2108600000e+05,-5.9238175000e+05,-1.9767066667e+05,6.5675650000e+05,1.9054787500e+06,1.7660085000e+06,1.1755250000e+06,1.0165840000e+06,1.2668557500e+06,1.7795545938e+06,2.0050051875e+06
-1.0016597500e+06,-1.1188818750e+06,-9.8791150000e+05,-9.1294100000e+05,-6.3259975000e+05,-2.6614600000e+05,3.2595650000e+05,1.7373577500e+06,1.9074482500e+06,1.2597567500e+06,1.1329487500e+06,1.4366282500e+06,1.8097721875e+06,1.9251308750e+06
-9.0174887500e+05,-1.0893619375e+06,-9.9161362500e+05,-9.0862762500e+05,-6.6262950000e+05,-3.3468966667e+05,5.2942500000e+04,1.4693735000e+06,1.8503320000e+06,1.3693675000e+06,1.4340827500e+06,1.5956186250e+06,1.9136025000e+06,2.2087572500e+06
-7.9641300000e+05,-1.0393205000e+06,-1.0035745000e+06,-9.0880175000e+05,-6.7469825000e+05,-4.3869100000e+05,-2.2694300000e+05,1.1114680000e+06,1.5758830000e+06,1.5228302500e+06,1.8057307500e+06,1.7778775000e+06,2.1009480312e+06,2.4895310625e+06
-7.5082025000e+05,-9.8505425000e+05,-1.0020058750e+06,-9.1205925000e+05,-6.7710425000e+05,-5.5084666667e+05,-4.1137950000e+05,4.6005250000e+05,1.1311165000e+06,1.8365352500e+06,2.0162807500e+06,2.0527353750e+06,2.3700501875e+06,2.5364026250e+06
-8.1103975000e+05,-9.2889162500e+05,-9.7826800000e+05,-9.1708350000e+05,-6.5565625000e+05,-6.5958800000e+05,-6.2836800000e+05,2.7396650000e+05,8.2140900000e+05,1.2549590000e+06,2.0125270000e+06,2.6125327500e+06,2.4083968750e+06,2.1499012500e+06
-1.0102120000e+06,-8.6940500000e+05,-9.1939937500e+05,-9.3354537500e+05,-6.1089075000e+05,-7.6785533333e+05,-8.1794500000e+05,7.4986500000e+04,2.8889200000e+05,6.2239500000e+05,1.8430825000e+06,2.7208012500e+06,2.9371055000e+06,3.0396875000e+06
-1.1258377500e+06,-8.6195900000e+05,-8.9221037500e+05,-9.0667425000e+05,-6.2888800000e+05,-8.9625966667e+05,-8.9167700000e+05,-1.1882550000e+05,9.9810000000e+04,1.9905650000e+05,9.4235750000e+05,2.9173567500e+06,3.9947012500e+06,3.7224510000e+06
-1.1802775000e+06,-8.8905837500e+05,-8.6192825000e+05,-8.4889762500e+05,-6.1626450000e+05,-9.5148566667e+05,-1.0395530000e+06,-2.9398800000e+05,-7.0334500000e+04,-1.6767650000e+05,2.1284000000e+05,1.4787825000e+06,3.6371072500e+06,4.9788385000e+06
-1.2382153750e+06,-9.6759856250e+05,-7.9741237500e+05,-7.5620350000e+05,-6.2650125000e+05,-9.5949300000e+05,-1.1788460000e+06,-4.7273600000e+05,-1.7744650000e+05,-2.8343950000e+05,-2.9295400000e+05,4.0345900000e+05,1.9821780000e+06,2.9728980000e+06
-1.3196241250e+06,-1.1066355625e+06,-7.1595862500e+05,-6.1581662500e+05,-6.5701800000e+05,-9.1972166667e+05,-1.2472685000e+06,-6.7385350000e+05,-3.1070350000e+05,-3.7078750000e+05,-3.8397700000e+05,-2.4326650000e+05,5.6974550000e+05,1.3492270000e+06
-1.4560988750e+06,-1.2007240625e+06,-6.6468037500e+05,-4.9823575000e+05,-6.5533300000e+05,-9.0253633333e+05,-1.2351940000e+06,-8.5161750000e+05,-4.6409300000e+05,-4.1113850000e+05,-5.8795600000e+05,-4.3499750000e+05,-9.8669500000e+04,-6.5121000000e+04
-1.5797788750e+06,-1.2274611875e+06,-6.1591775000e+05,-4.5984050000e+05,-6.4520250000e+05,-8.6748900000e+05,-1.2201690000e+06,-1.0023910000e+06,-6.2046000000e+05,-4.8473000000e+05,-5.9393450000e+05,-7.1241150000e+05,-3.5566650000e+05,-3.3760000000e+04
-1.5906997500e+06,-1.0653447500e+06,-5.8229425000e+05,-6.1179062500e+05,-6.0842525000e+05,-7.9760366667e+05,-1.2507875000e+06,-1.0925000000e+06,-7.5612650000e+05,-6.1742400000e+05,-5.9091150000e+05,-8.4495800000e+05,-6.8753200000e+05,-3.0387600000e+05
-6.2527100000e+05,-6.3694387500e+05,-9.4377137500e+05,-9.1007125000e+05,-7.2826350000e+05,-8.6387400000e+05,-1.1405510000e+06,-1.0953405000e+06,-7.4212100000e+05,-8.8694950000e+05,-9.3140900000e+05,-7.3310650000e+05,-7.5251000000e+05,-8.6138800000e+05
-8.0856525000e+05,-3.6595150000e+05,-6.6615037500e+05,-9.8406075000e+05,-7.3711900000e+05,-8.2904533333e+05,-9.7224150000e+05,-1.1875355000e+06,-9.6670650000e+05,-9.5107300000e+05,-1.0083065000e+06,-9.2617250000e+05,-7.5040200000e+05,-6.0877400000e+05
-5.8716225000e+05,-1.9847087500e+05,-5.2192925000e+05,-8.6652175000e+05,-6.8458925000e+05,-9.4673366667e+05,-8.3528400000e+05,-8.9980250000e+05,-1.2017650000e+06,-1.1335820000e+06,-1.0441310000e+06,-9.7727600000e+05,-8.7701000000e+05,-7.9528600000e+05
5.4597475000e+05,-6.3656500000e+04,-7.9014325000e+05,-6.7668287500e+05,-5.9412400000e+05,-9.0760400000e+05,-1.0048950000e+06,-7.8586800000e+05,-1.0222550000e+06,-1.2431430000e+06,-1.2125450000e+06,-1.0372670000e+06,-1.0324080000e+06,-1.1726000000e+06
-6.2527100000e+05,-6.3694387500e+05,-9.4377137500e+05,-9.1007125000e+05,-7.2826350000e+05,-8.6387400000e+05,-1.1405510000e+06,-1.0953405000e+06,-7.4212100000e+05,-8.8694950000e+05,-9.3140900000e+05,-7.3310650000e+05,-7.5251000000e+05,-8.6138800000e+05
