grid_wind_mps,grid_rotor_speed_rpm,actual_wind_mps,actual_rotor_speed_rpm,wind_error_mps,rotor_speed_error_rpm,lin_time_s,lin_file,GTomega,GTbeta,GTu,GFomega,GFbeta,GFu
12.0,1.0,12.0,1.00032818317,0.0,0.00032818316999994046,9.877,D:\zju_soft_study\blade_fracture\后处理\outputs\linearization\12mps_1rpm.lin,1002.86275253,7195.47754088,-162827.443404,-20.6024557582,-538.857344039,-311.042224915
12.0,1.5,12.0,1.5001847744,0.0,0.00018477440000008727,9.55,D:\zju_soft_study\blade_fracture\后处理\outputs\linearization\12mps_1.5rpm.lin,5250.07157762,42113.9933098,-177518.43937,65.0113925854,101.674033596,-928.528044981
12.0,2.0,12.0,1.99974656105,0.0,-0.0002534389499999623,9.129,D:\zju_soft_study\blade_fracture\后处理\outputs\linearization\12mps_2rpm.lin,46837.3785003,42878.6521868,-114543.215712,-1206.03913208,306.017071727,-548.590302965
12.0,2.5,12.0,2.49950027466,0.0,-0.0004997253400000901,8.793,D:\zju_soft_study\blade_fracture\后处理\outputs\linearization\12mps_2.5rpm.lin,233094.993116,31756.4636822,-84985.7554559,-1701.95105824,221.691493426,-184.434778535
12.0,3.0,12.0,2.99979424477,0.0,-0.0002057552300001042,8.399,D:\zju_soft_study\blade_fracture\后处理\outputs\linearization\12mps_3rpm.lin,183143.157905,24262.9008271,-76214.1297111,418.128666687,182.049389091,-211.026398861
12.0,3.5,12.0,3.5001308918,0.0,0.00013089180000003253,7.977,D:\zju_soft_study\blade_fracture\后处理\outputs\linearization\12mps_3.5rpm.lin,22753.6179926,21071.4627813,-60038.8149573,278.947388893,194.304286189,-141.02930885
12.0,4.0,12.0,3.99967741966,0.0,-0.0003225803400002114,7.665,D:\zju_soft_study\blade_fracture\后处理\outputs\linearization\12mps_4rpm.lin,1915.72969321,23377.3743263,-51874.1663767,102.501363757,354.80767582,-149.282363028
12.0,4.5,12.0,4.50009346008,0.0,9.346008000044037e-05,7.284,D:\zju_soft_study\blade_fracture\后处理\outputs\linearization\12mps_4.5rpm.lin,1990.26801171,26468.5918503,-41969.1584933,122.351345679,552.449704214,-163.494402087
12.0,5.0,12.0,5.00026273727,0.0,0.0002627372699999242,6.919,D:\zju_soft_study\blade_fracture\后处理\outputs\linearization\12mps_5rpm.lin,1688.45320347,29341.1918107,-32970.1401236,128.949487785,815.430075686,-167.858729042
12.0,5.5,12.0,5.49941635132,0.0,-0.0005836486800001595,6.647,D:\zju_soft_study\blade_fracture\后处理\outputs\linearization\12mps_5.5rpm.lin,1934.96837666,30858.4356905,-22767.910384,158.626313822,1068.32659869,-21.4299644077
12.0,6.0,12.0,6.00052118301,0.0,0.000521183010000037,6.343,D:\zju_soft_study\blade_fracture\后处理\outputs\linearization\12mps_6rpm.lin,1463.89391361,31276.8409707,-15183.381571,157.282678259,1325.88174158,-31.4455352406
12.0,6.5,12.0,6.5001745224,0.0,0.00017452240000004338,5.956,D:\zju_soft_study\blade_fracture\后处理\outputs\linearization\12mps_6.5rpm.lin,1204.75237324,29343.3191048,1575.63393661,139.586329412,1331.9241831,148.834739751
12.0,7.0,12.0,7.00073671341,0.0,0.0007367134100002559,5.654,D:\zju_soft_study\blade_fracture\后处理\outputs\linearization\12mps_7rpm.lin,1150.57675664,27858.0274249,15419.7266615,145.509034589,1387.37157942,353.622389182
12.0,7.5,12.0,7.49995183945,0.0,-4.8160549999565205e-05,5.344,D:\zju_soft_study\blade_fracture\后处理\outputs\linearization\12mps_7.5rpm.lin,904.316201767,21124.4041064,8114.51477354,153.981195622,998.260368074,-1377.8963538
12.0,8.0,12.0,7.99980163574,0.0,-0.00019836426000008345,4.793,D:\zju_soft_study\blade_fracture\后处理\outputs\linearization\12mps_8rpm.lin,396.498635789,21091.3767897,29070.4461305,142.999404813,1177.15496566,-940.232694275
12.0,8.5,12.0,8.49954414368,0.0,-0.00045585632000033627,4.349,D:\zju_soft_study\blade_fracture\后处理\outputs\linearization\12mps_8.5rpm.lin,452.688397111,37642.5371413,1833.46494442,168.389847683,3307.33311536,-4739.88288488
12.0,9.0,12.0,8.9994096756,0.0,-0.0005903243999991759,3.322,D:\zju_soft_study\blade_fracture\后处理\outputs\linearization\12mps_9rpm.lin,4820.96967502,91585.5039934,11502.1277373,506.265682026,8910.74028216,-4402.59874532
12.0,9.5,12.0,9.49970340729,0.0,-0.0002965927100007093,2.921,D:\zju_soft_study\blade_fracture\后处理\outputs\linearization\12mps_9.5rpm.lin,4240.81634446,127513.560155,138963.751237,303.652784901,6790.92501678,12013.3135201
12.0,10.0,12.0,10.0005979538,0.0,0.0005979537999998286,2.581,D:\zju_soft_study\blade_fracture\后处理\outputs\linearization\12mps_10rpm.lin,3043.81159287,47675.2454742,217405.254376,319.158364489,7419.83915861,30417.1207606
12.0,10.5,12.0,10.5003795624,0.0,0.00037956239999914487,2.269,D:\zju_soft_study\blade_fracture\后处理\outputs\linearization\12mps_10.5rpm.lin,1990.64807748,-19966.948083,372282.908372,288.821636896,4481.84440726,39070.7977719
12.0,11.0,12.0,11.0003576279,0.0,0.0003576278999997129,1.99,D:\zju_soft_study\blade_fracture\后处理\outputs\linearization\12mps_11rpm.lin,2275.62042281,3187.67360777,406198.428858,276.315788544,5251.39077944,42771.5232182
12.0,11.5,12.0,11.4996013641,0.0,-0.00039863589999988847,1.642,D:\zju_soft_study\blade_fracture\后处理\outputs\linearization\12mps_11.5rpm.lin,1949.34464484,17988.9391562,428291.32334,245.612592737,5482.41515378,44111.3715934
12.0,12.0,12.0,11.9998989105,0.0,-0.00010108949999931838,1.294,D:\zju_soft_study\blade_fracture\后处理\outputs\linearization\12mps_12rpm.lin,1844.77075473,33967.4316749,548581.798123,223.51240421,6551.61520225,50914.1788082
14.0,1.0,14.0,1.0001128912,0.0,0.00011289119999990938,9.898,D:\zju_soft_study\blade_fracture\后处理\outputs\linearization\14mps_1rpm.lin,5384.82245378,51881.2648913,-214912.887967,31.6810687906,-454.711482412,-192.152783014
14.0,1.5,14.0,1.50034141541,0.0,0.000341415410000101,9.517,D:\zju_soft_study\blade_fracture\后处理\outputs\linearization\14mps_1.5rpm.lin,5072.44478151,53775.8869798,-175584.706811,54.0042243552,-249.689238166,-252.361610888
14.0,2.0,14.0,2.00038576126,0.0,0.000385761260000006,9.171,D:\zju_soft_study\blade_fracture\后处理\outputs\linearization\14mps_2rpm.lin,8995.83614081,45990.488315,-160086.198453,-41.7832251409,-227.571940326,-303.809437075
14.0,2.5,14.0,2.50043845177,0.0,0.00043845177000001456,8.741,D:\zju_soft_study\blade_fracture\后处理\outputs\linearization\14mps_2.5rpm.lin,152167.470442,43857.200419,-121805.455765,-1669.28894133,-63.6262716208,-47.8677142319
14.0,3.0,14.0,3.00036239624,0.0,0.0003623962399998959,8.402,D:\zju_soft_study\blade_fracture\后处理\outputs\linearization\14mps_3rpm.lin,281092.352556,37012.8241946,-117603.168437,-2160.22842618,8.59762092976,-168.725999142
14.0,3.5,14.0,3.49994301796,0.0,-5.698203999981999e-05,7.95,D:\zju_soft_study\blade_fracture\后处理\outputs\linearization\14mps_3.5rpm.lin,248889.977767,32705.9700715,-99350.8816757,601.666465334,203.99507644,-257.495290351
14.0,4.0,14.0,4.00035953522,0.0,0.0003595352200003177,7.565,D:\zju_soft_study\blade_fracture\后处理\outputs\linearization\14mps_4rpm.lin,59625.3076619,32949.0493979,-81388.6547983,530.277278822,383.436329137,-278.813348939
14.0,4.5,14.0,4.49963140488,0.0,-0.0003685951200003146,7.194,D:\zju_soft_study\blade_fracture\后处理\outputs\linearization\14mps_4.5rpm.lin,2351.73146422,35444.4067691,-71795.1927161,118.793479754,608.454309111,-352.895001356
14.0,5.0,14.0,4.99974918365,0.0,-0.0002508163500003491,6.768,D:\zju_soft_study\blade_fracture\后处理\outputs\linearization\14mps_5rpm.lin,2337.8146834,37317.3569775,-60955.5474295,143.003763694,982.327984455,-376.73094088
14.0,5.5,14.0,5.49937391281,0.0,-0.00062608718999968,6.418,D:\zju_soft_study\blade_fracture\后处理\outputs\linearization\14mps_5.5rpm.lin,1678.96980384,41340.6660678,-53270.7510023,140.631249421,1370.56967076,-475.767591015
14.0,6.0,14.0,5.99955463409,0.0,-0.00044536591000010617,6.072,D:\zju_soft_study\blade_fracture\后处理\outputs\linearization\14mps_6rpm.lin,1781.39630785,41555.0371251,-38273.5807147,143.340765792,1510.58033275,-460.044823395
14.0,6.5,14.0,6.49944257736,0.0,-0.0005574226400000271,5.606,D:\zju_soft_study\blade_fracture\后处理\outputs\linearization\14mps_6.5rpm.lin,1588.80291591,41336.8831588,-20368.6496169,150.401157743,1858.53750468,-472.578275164
14.0,7.0,14.0,7.00020313263,0.0,0.00020313263000026893,5.25,D:\zju_soft_study\blade_fracture\后处理\outputs\linearization\14mps_7rpm.lin,2617.64956811,43104.3279172,-7942.627435,202.334822241,1959.15325782,-874.208260852
14.0,7.5,14.0,7.50014209747,0.0,0.00014209747000037964,4.696,D:\zju_soft_study\blade_fracture\后处理\outputs\linearization\14mps_7.5rpm.lin,2066.38099335,58615.9141516,-26778.6149499,233.829113412,3826.17136072,-3116.4651634
14.0,8.0,14.0,7.9999370575,0.0,-6.294249999960755e-05,3.966,D:\zju_soft_study\blade_fracture\后处理\outputs\linearization\14mps_8rpm.lin,4598.34301668,101499.503771,-5786.87373082,389.282470908,7736.7763715,-4740.33050815
14.0,8.5,14.0,8.50048828125,0.0,0.00048828125,3.18,D:\zju_soft_study\blade_fracture\后处理\outputs\linearization\14mps_8.5rpm.lin,4852.79738832,100997.359221,28898.5587919,354.934905055,7322.25401071,-2482.29488508
14.0,9.0,14.0,9.00073051453,0.0,0.0007305145299998372,2.807,D:\zju_soft_study\blade_fracture\后处理\outputs\linearization\14mps_9rpm.lin,5184.69765667,120892.041591,126193.954378,281.521044758,5010.65786534,8464.77998814
14.0,9.5,14.0,9.50058269501,0.0,0.0005826950099994122,2.544,D:\zju_soft_study\blade_fracture\后处理\outputs\linearization\14mps_9.5rpm.lin,5274.30220112,101427.241153,263209.649111,369.206364282,8014.67860315,22151.7569426
14.0,10.0,14.0,10.0007724762,0.0,0.0007724761999998719,2.264,D:\zju_soft_study\blade_fracture\后处理\outputs\linearization\14mps_10rpm.lin,2890.06530488,12242.0986133,372737.693622,306.752100048,7260.53329036,34079.7982283
14.0,10.5,14.0,10.4997119904,0.0,-0.00028800960000019415,2.027,D:\zju_soft_study\blade_fracture\后处理\outputs\linearization\14mps_10.5rpm.lin,2312.57357592,-9742.23480714,434638.621414,252.633492788,5651.86065327,39843.6193604
14.0,11.0,14.0,11.0005397797,0.0,0.000539779700000409,1.778,D:\zju_soft_study\blade_fracture\后处理\outputs\linearization\14mps_11rpm.lin,2641.37916317,9100.81701374,462140.59558,249.948139053,5854.93459949,42508.5445427
14.0,11.5,14.0,11.5002708435,0.0,0.0002708434999991738,1.477,D:\zju_soft_study\blade_fracture\后处理\outputs\linearization\14mps_11.5rpm.lin,2437.58541869,18980.5096288,506143.754246,230.669932141,6047.14254048,45630.0454679
14.0,12.0,14.0,12.0002584457,0.0,0.00025844570000010947,1.034,D:\zju_soft_study\blade_fracture\后处理\outputs\linearization\14mps_12rpm.lin,1890.98566072,35992.7261335,630679.712004,180.406053452,6993.93579557,51209.403845
16.0,1.0,16.0,1.00037884712,0.0,0.0003788471199999144,10.062,D:\zju_soft_study\blade_fracture\后处理\outputs\linearization\16mps_1rpm.lin,5108.39377108,60790.4853136,-254160.496934,7.63610001931,-1066.19149565,204.095232174
16.0,1.5,16.0,1.50026893616,0.0,0.0002689361599998996,9.641,D:\zju_soft_study\blade_fracture\后处理\outputs\linearization\16mps_1.5rpm.lin,4054.03332938,51693.4944131,-204818.087814,5.37913775168,-1225.30623628,537.022038888
16.0,2.0,16.0,1.99998581409,0.0,-1.4185910000019675e-05,9.228,D:\zju_soft_study\blade_fracture\后处理\outputs\linearization\16mps_2rpm.lin,4465.73374791,55421.4203245,-188427.913887,33.8031518853,-903.67952928,313.434211804
16.0,2.5,16.0,2.50043082237,0.0,0.00043082236999980594,8.817,D:\zju_soft_study\blade_fracture\后处理\outputs\linearization\16mps_2.5rpm.lin,34987.8192497,54775.9673832,-164854.281604,-567.79719426,-527.064186545,225.784853053
16.0,3.0,16.0,3.00017023087,0.0,0.00017023086999978787,8.386,D:\zju_soft_study\blade_fracture\后处理\outputs\linearization\16mps_3rpm.lin,223217.538981,48561.4297159,-147135.56179,-2819.98208412,-240.114182433,202.829297593
16.0,3.5,16.0,3.50055480003,0.0,0.000554800030000191,7.95,D:\zju_soft_study\blade_fracture\后处理\outputs\linearization\16mps_3.5rpm.lin,371155.564712,44652.1567038,-135633.434052,-1787.70025845,39.912569713,20.4368002609
16.0,4.0,16.0,3.99945664406,0.0,-0.0005433559400001009,7.471,D:\zju_soft_study\blade_fracture\后处理\outputs\linearization\16mps_4rpm.lin,281809.494468,44970.1604851,-118559.291757,782.760053767,332.90558873,-246.192802595
16.0,4.5,16.0,4.50057172775,0.0,0.0005717277499996953,7.028,D:\zju_soft_study\blade_fracture\后处理\outputs\linearization\16mps_4.5rpm.lin,92998.2969147,47887.3368794,-104489.596901,727.472355333,691.61187851,-444.489914504
16.0,5.0,16.0,4.99985265732,0.0,-0.00014734268000005102,6.507,D:\zju_soft_study\blade_fracture\后处理\outputs\linearization\16mps_5rpm.lin,7973.65406049,53033.1232647,-91401.0922682,164.560545144,1254.83541675,-726.996155482
16.0,5.5,16.0,5.49972105026,0.0,-0.00027894974000020056,6.09,D:\zju_soft_study\blade_fracture\后处理\outputs\linearization\16mps_5.5rpm.lin,2084.77429229,55897.1070919,-76941.0699136,131.244339195,1687.89596604,-921.600375352
16.0,6.0,16.0,6.00013971329,0.0,0.00013971329000028732,5.57,D:\zju_soft_study\blade_fracture\后处理\outputs\linearization\16mps_6rpm.lin,3471.20386834,74393.6101817,-55304.751175,187.925473849,2655.34550821,-1044.52891792
16.0,6.5,16.0,6.50024986267,0.0,0.00024986266999960094,5.097,D:\zju_soft_study\blade_fracture\后处理\outputs\linearization\16mps_6.5rpm.lin,5792.96597735,99478.5450704,-44841.1094414,318.415377559,4408.09254525,-1846.6698311
16.0,7.0,16.0,7.00002717972,0.0,2.7179719999992358e-05,4.351,D:\zju_soft_study\blade_fracture\后处理\outputs\linearization\16mps_7rpm.lin,8246.68432872,150801.933286,-17539.6705034,471.568500522,8114.51760948,-2641.87258349
16.0,7.5,16.0,7.50031995773,0.0,0.0003199577300003753,3.497,D:\zju_soft_study\blade_fracture\后处理\outputs\linearization\16mps_7.5rpm.lin,9000.03768408,164370.134091,-19580.8326486,481.957496775,10289.9567979,-4094.63393044
16.0,8.0,16.0,8.00042915344,0.0,0.000429153440000718,2.985,D:\zju_soft_study\blade_fracture\后处理\outputs\linearization\16mps_8rpm.lin,5754.55283211,95323.0434082,46072.968701,267.381441734,4383.99682019,537.819367851
16.0,8.5,16.0,8.49970531464,0.0,-0.00029468536000010204,2.715,D:\zju_soft_study\blade_fracture\后处理\outputs\linearization\16mps_8.5rpm.lin,7150.48656269,74815.7826489,145810.596888,324.456365268,2857.44175599,8762.225656
16.0,9.0,16.0,8.99995708466,0.0,-4.291533999989383e-05,2.462,D:\zju_soft_study\blade_fracture\后处理\outputs\linearization\16mps_9rpm.lin,6114.25532538,119419.29201,256405.775293,335.821677108,6843.2814614,16098.3235501
16.0,9.5,16.0,9.4998884201,0.0,-0.00011157990000043583,2.207,D:\zju_soft_study\blade_fracture\后处理\outputs\linearization\16mps_9.5rpm.lin,3565.05926134,57363.7988335,382033.933848,259.964556637,7712.35576086,26407.7590646
16.0,10.0,16.0,9.99965763092,0.0,-0.0003423690800001822,2.011,D:\zju_soft_study\blade_fracture\后处理\outputs\linearization\16mps_10rpm.lin,2976.58133748,17287.2567059,440919.671243,251.431087109,7504.20921541,31875.7012102
16.0,10.5,16.0,10.499745369,0.0,-0.0002546310000006713,1.772,D:\zju_soft_study\blade_fracture\后处理\outputs\linearization\16mps_10.5rpm.lin,2519.20252148,-3464.6910286,490108.097955,210.031725973,6664.79119002,39157.6366877
16.0,11.0,16.0,11.000576973,0.0,0.00057697299999937,1.519,D:\zju_soft_study\blade_fracture\后处理\outputs\linearization\16mps_11rpm.lin,2526.13278956,6779.23446599,514168.744364,187.495772563,5926.5518733,42369.1098917
16.0,11.5,16.0,11.4999608994,0.0,-3.9100600000452346e-05,1.307,D:\zju_soft_study\blade_fracture\后处理\outputs\linearization\16mps_11.5rpm.lin,2621.00173139,21912.8723607,551615.117262,198.83920178,6697.67961335,44727.413129
16.0,12.0,16.0,12.0000858307,0.0,8.583069999978932e-05,0.909,D:\zju_soft_study\blade_fracture\后处理\outputs\linearization\16mps_12rpm.lin,1998.09034013,35381.9579056,625102.325967,177.008375984,7580.4471638,47567.3310363
18.0,1.0,18.0,1.00005888939,0.0,5.8889389999983166e-05,10.104,D:\zju_soft_study\blade_fracture\后处理\outputs\linearization\18mps_1rpm.lin,5990.09399792,70493.5247612,-261734.282788,1.54375651196,-1364.8224055,479.719265262
18.0,1.5,18.0,1.49988293648,0.0,-0.00011706352000007136,9.665,D:\zju_soft_study\blade_fracture\后处理\outputs\linearization\18mps_1.5rpm.lin,4651.63687394,64813.0372431,-245265.327164,-0.925863262377,-1618.46273736,642.591191229
18.0,2.0,18.0,2.00013875961,0.0,0.00013875960999998327,9.211,D:\zju_soft_study\blade_fracture\后处理\outputs\linearization\18mps_2rpm.lin,4501.67477105,64033.7893996,-216728.447981,9.53992153198,-1542.66462565,802.029007364
18.0,2.5,18.0,2.5000872612,0.0,8.726120000002169e-05,8.792,D:\zju_soft_study\blade_fracture\后处理\outputs\linearization\18mps_2.5rpm.lin,4281.52577513,63694.9975197,-195221.044746,36.8393832547,-1075.71084894,568.180815467
18.0,3.0,18.0,3.00008058548,0.0,8.058548000011712e-05,8.306,D:\zju_soft_study\blade_fracture\后处理\outputs\linearization\18mps_3rpm.lin,97887.5567044,59851.3230271,-174827.328226,-1498.81140531,-576.302147624,358.703612793
18.0,3.5,18.0,3.50030779839,0.0,0.00030779839000016906,7.856,D:\zju_soft_study\blade_fracture\后处理\outputs\linearization\18mps_3.5rpm.lin,339496.982787,58191.6175128,-161649.298938,-3353.17971898,-117.431161159,185.889554187
18.0,4.0,18.0,3.9997651577,0.0,-0.00023484229999981565,7.282,D:\zju_soft_study\blade_fracture\后处理\outputs\linearization\18mps_4rpm.lin,368467.966054,63853.4165777,-149835.625399,-1481.12903314,431.435870584,-294.172422647
18.0,4.5,18.0,4.50009202957,0.0,9.202957000020717e-05,6.742,D:\zju_soft_study\blade_fracture\后处理\outputs\linearization\18mps_4.5rpm.lin,303583.755998,65758.4112731,-124245.897874,1457.03024855,1032.38974766,-584.819811983
18.0,5.0,18.0,4.99975299835,0.0,-0.0002470016500000227,6.177,D:\zju_soft_study\blade_fracture\后处理\outputs\linearization\18mps_5rpm.lin,129606.580138,68506.1477398,-97839.705491,1019.73609889,1633.4342483,-885.286936969
18.0,5.5,18.0,5.50031471252,0.0,0.00031471251999981575,5.65,D:\zju_soft_study\blade_fracture\后处理\outputs\linearization\18mps_5.5rpm.lin,23026.4176318,120449.673586,-104407.234218,82.3386329489,3607.70413944,-1873.8069923
18.0,6.0,18.0,6.00028562546,0.0,0.00028562546000010514,5.116,D:\zju_soft_study\blade_fracture\后处理\outputs\linearization\18mps_6rpm.lin,8013.86445215,151459.995395,-81001.9082866,329.248397452,5649.86718696,-2541.60496934
18.0,6.5,18.0,6.49985933304,0.0,-0.00014066696000014645,4.41,D:\zju_soft_study\blade_fracture\后处理\outputs\linearization\18mps_6.5rpm.lin,10335.4263229,193058.25492,-72264.3019109,422.174579254,8413.38039616,-3839.48866229
18.0,7.0,18.0,7.00005435944,0.0,5.4359439999984716e-05,3.594,D:\zju_soft_study\blade_fracture\后处理\outputs\linearization\18mps_7rpm.lin,12117.6563922,176698.156538,-33210.0662003,495.64333814,8815.4321772,-2925.44192975
18.0,7.5,18.0,7.50030708313,0.0,0.00030708313000005205,3.084,D:\zju_soft_study\blade_fracture\后处理\outputs\linearization\18mps_7.5rpm.lin,6918.94718671,82432.8675074,74520.3232292,257.009805499,3656.21014409,2372.85099374
18.0,8.0,18.0,7.99906349182,0.0,-0.0009365081799996844,2.776,D:\zju_soft_study\blade_fracture\后处理\outputs\linearization\18mps_8rpm.lin,6734.65740909,64059.3754713,112450.129267,278.90524315,2900.5059147,6251.50669281
18.0,8.5,18.0,8.49952316284,0.0,-0.0004768371600007981,2.523,D:\zju_soft_study\blade_fracture\后处理\outputs\linearization\18mps_8.5rpm.lin,5907.30034116,97483.386893,250840.922708,267.301972882,5267.90392118,13304.4828639
18.0,9.0,18.0,9.00041007996,0.0,0.00041007995999997604,2.268,D:\zju_soft_study\blade_fracture\后处理\outputs\linearization\18mps_9rpm.lin,5088.96970997,82871.2430349,346181.099818,247.316110304,7155.48111633,20632.2997273
18.0,9.5,18.0,9.49877166748,0.0,-0.0012283325200002082,2.071,D:\zju_soft_study\blade_fracture\后处理\outputs\linearization\18mps_9.5rpm.lin,3409.1495671,51587.1286644,434337.818571,215.001540066,7500.46025606,26153.7328546
18.0,10.0,18.0,9.99922180176,0.0,-0.0007781982400008047,1.868,D:\zju_soft_study\blade_fracture\后处理\outputs\linearization\18mps_10rpm.lin,3112.69049911,17015.4916901,553577.497711,216.732480841,7957.81319098,33290.6383902
18.0,10.5,18.0,10.499007225,0.0,-0.0009927750000002789,1.606,D:\zju_soft_study\blade_fracture\后处理\outputs\linearization\18mps_10.5rpm.lin,2666.63751425,-758.356072186,566941.738282,180.203446175,7770.54891692,38422.8630778
18.0,11.0,18.0,10.9988613129,0.0,-0.0011386870999992027,1.425,D:\zju_soft_study\blade_fracture\后处理\outputs\linearization\18mps_11rpm.lin,2465.40387678,-3610.09666268,572943.471186,160.589690471,7074.68452599,41996.01589
18.0,11.5,18.0,11.500585556,0.0,0.0005855560000007642,1.1,D:\zju_soft_study\blade_fracture\后处理\outputs\linearization\18mps_11.5rpm.lin,2433.77113017,23543.9842811,644366.241335,159.462497829,7477.12162113,46075.9901581
18.0,12.0,18.0,12.0000257492,0.0,2.574920000064651e-05,0.868,D:\zju_soft_study\blade_fracture\后处理\outputs\linearization\18mps_12rpm.lin,2419.57036331,28824.4779975,654702.758058,180.171212355,7811.13692661,46606.1999302
20.0,1.0,20.0,1.00019323826,0.0,0.0001932382600000615,10.184,D:\zju_soft_study\blade_fracture\后处理\outputs\linearization\20mps_1rpm.lin,5689.93643611,84651.8307135,-234278.861443,3.91433843259,-1626.76540313,821.962231438
20.0,1.5,20.0,1.49949526787,0.0,-0.0005047321300000185,9.664,D:\zju_soft_study\blade_fracture\后处理\outputs\linearization\20mps_1.5rpm.lin,5364.13287398,79811.8185652,-272681.357661,-4.8229547574,-1859.03262753,719.834183043
20.0,2.0,20.0,1.99952673912,0.0,-0.00047326087999999267,9.182,D:\zju_soft_study\blade_fracture\后处理\outputs\linearization\20mps_2rpm.lin,4897.06068944,76858.4811456,-246404.080782,-7.46442946787,-2053.93002186,1078.89799269
20.0,2.5,20.0,2.49986219406,0.0,-0.00013780594000012414,8.716,D:\zju_soft_study\blade_fracture\后处理\outputs\linearization\20mps_2.5rpm.lin,4168.71518055,68240.5587726,-222758.828774,8.38952614066,-1766.64743541,992.968311649
20.0,3.0,20.0,2.99960923195,0.0,-0.0003907680499999344,8.168,D:\zju_soft_study\blade_fracture\后处理\outputs\linearization\20mps_3rpm.lin,16887.1055243,70099.4144899,-198848.583786,-181.719146918,-990.965828657,585.20099118
20.0,3.5,20.0,3.49986410141,0.0,-0.00013589858999996096,7.568,D:\zju_soft_study\blade_fracture\后处理\outputs\linearization\20mps_3.5rpm.lin,213359.977508,77454.1833374,-185924.80452,-2829.28365734,5.71983928575,103.142194883
20.0,4.0,20.0,4.00004196167,0.0,4.19616700000347e-05,6.959,D:\zju_soft_study\blade_fracture\后处理\outputs\linearization\20mps_4rpm.lin,372972.761197,89361.0121676,-180281.170238,-3609.72184277,766.681054359,-645.360860258
20.0,4.5,20.0,4.5003247261,0.0,0.0003247260999996726,6.21,D:\zju_soft_study\blade_fracture\后处理\outputs\linearization\20mps_4.5rpm.lin,299148.103843,84186.0021782,-146677.195553,-2526.95656058,1549.84448649,-998.535626163
20.0,5.0,20.0,5.00021266937,0.0,0.00021266936999975172,5.712,D:\zju_soft_study\blade_fracture\后处理\outputs\linearization\20mps_5rpm.lin,115231.122435,184075.684701,-173176.493578,-5570.35262921,4677.46090083,-2857.62700321
20.0,5.5,20.0,5.49970817566,0.0,-0.00029182433999963564,5.096,D:\zju_soft_study\blade_fracture\后处理\outputs\linearization\20mps_5.5rpm.lin,113427.754393,228946.013518,-131558.271734,-2773.89759213,7134.86543089,-3194.12780203
20.0,6.0,20.0,5.99983024597,0.0,-0.0001697540299998579,4.448,D:\zju_soft_study\blade_fracture\后处理\outputs\linearization\20mps_6rpm.lin,-27790.8897882,220311.229435,-126036.390984,-2544.48264693,7938.61466081,-4106.60785311
20.0,6.5,20.0,6.4997959137,0.0,-0.00020408630000012806,3.679,D:\zju_soft_study\blade_fracture\后处理\outputs\linearization\20mps_6.5rpm.lin,10676.3188374,154208.087761,-38180.475073,283.004989739,6163.97387483,-1716.07573991
20.0,7.0,20.0,7.00009155273,0.0,9.15527299998331e-05,3.201,D:\zju_soft_study\blade_fracture\后处理\outputs\linearization\20mps_7rpm.lin,8970.39592296,72629.8518112,65209.7590583,217.214218609,3167.2812681,3221.0971045
20.0,7.5,20.0,7.49949121475,0.0,-0.0005087852500000878,2.83,D:\zju_soft_study\blade_fracture\后处理\outputs\linearization\20mps_7.5rpm.lin,6275.78581117,50883.4513185,172496.106197,195.506338693,2614.82031825,7388.24600588
20.0,8.0,20.0,8.0001449585,0.0,0.0001449584999999587,2.586,D:\zju_soft_study\blade_fracture\后处理\outputs\linearization\20mps_8rpm.lin,6285.10888349,69333.90016,251506.986145,216.125475809,3997.00800373,11573.2998384
20.0,8.5,20.0,8.50039196014,0.0,0.0003919601399999806,2.325,D:\zju_soft_study\blade_fracture\后处理\outputs\linearization\20mps_8.5rpm.lin,5543.03323544,80341.7375142,362180.946247,241.62583817,6653.91322275,18065.6278544
20.0,9.0,20.0,8.99888896942,0.0,-0.001111030580000616,2.128,D:\zju_soft_study\blade_fracture\后处理\outputs\linearization\20mps_9rpm.lin,4285.09251393,75067.0951149,451934.784854,198.041546152,7710.05366792,22854.5254882
20.0,9.5,20.0,9.4994764328,0.0,-0.0005235672000001301,1.926,D:\zju_soft_study\blade_fracture\后处理\outputs\linearization\20mps_9.5rpm.lin,3999.54168918,56696.1037374,485538.759539,198.037728669,8508.6100599,26013.4029571
20.0,10.0,20.0,10.0008268356,0.0,0.0008268355999998533,1.677,D:\zju_soft_study\blade_fracture\后处理\outputs\linearization\20mps_10rpm.lin,3496.62071509,35005.8424406,583729.401679,181.533580122,9239.54768973,32080.265048
20.0,10.5,20.0,10.5007257462,0.0,0.0007257462000005432,1.491,D:\zju_soft_study\blade_fracture\后处理\outputs\linearization\20mps_10.5rpm.lin,2950.10591347,12251.0004529,597967.402888,170.865328432,9010.05259596,35714.9660609
20.0,11.0,20.0,10.9991846085,0.0,-0.0008153914999997625,1.314,D:\zju_soft_study\blade_fracture\后处理\outputs\linearization\20mps_11rpm.lin,2792.23160993,15233.8939534,631789.817732,179.665172313,9151.85061843,40438.5106961
20.0,11.5,20.0,11.5008573532,0.0,0.0008573532000006878,0.991,D:\zju_soft_study\blade_fracture\后处理\outputs\linearization\20mps_11.5rpm.lin,2902.47593956,34127.6711138,688090.083076,163.660795516,8600.11581598,44894.1527998
20.0,12.0,20.0,12.0010843277,0.0,0.0010843276999992213,0.822,D:\zju_soft_study\blade_fracture\后处理\outputs\linearization\20mps_12rpm.lin,3175.60975081,36759.9874974,694944.0907,206.385494501,8916.88685454,45823.4187238
22.0,1.0,22.0,0.999821960926,0.0,-0.00017803907400004704,9.97,D:\zju_soft_study\blade_fracture\后处理\outputs\linearization\22mps_1rpm.lin,5979.61779994,89979.5728278,-240359.376044,-38.150762177,-2057.78405818,1236.33549231
22.0,1.5,22.0,1.50042116642,0.0,0.0004211664200000076,9.481,D:\zju_soft_study\blade_fracture\后处理\outputs\linearization\22mps_1.5rpm.lin,5119.90578952,91473.9690597,-321497.361807,-6.73968635438,-2121.68237491,702.502769269
22.0,2.0,22.0,1.99958741665,0.0,-0.00041258334999993984,8.927,D:\zju_soft_study\blade_fracture\后处理\outputs\linearization\22mps_2rpm.lin,5518.05004943,94800.4055333,-269737.786989,-5.12227377022,-2277.35453702,1144.74057916
22.0,2.5,22.0,2.49985265732,0.0,-0.00014734268000005102,8.468,D:\zju_soft_study\blade_fracture\后处理\outputs\linearization\22mps_2.5rpm.lin,4920.86581737,87013.5953308,-251671.711511,16.1110900027,-1866.18460694,913.207438899
22.0,3.0,22.0,2.99954128265,0.0,-0.0004587173499999153,7.867,D:\zju_soft_study\blade_fracture\后处理\outputs\linearization\22mps_3rpm.lin,5296.51695563,97735.2243025,-229748.913875,69.4995568658,-658.093396821,242.143210757
22.0,3.5,22.0,3.49997138977,0.0,-2.8610229999781467e-05,7.107,D:\zju_soft_study\blade_fracture\后处理\outputs\linearization\22mps_3.5rpm.lin,143801.986476,113201.188161,-202297.073516,-2294.90119818,640.758502153,-480.971211616
22.0,4.0,22.0,3.99968528748,0.0,-0.00031471251999981575,6.533,D:\zju_soft_study\blade_fracture\后处理\outputs\linearization\22mps_4rpm.lin,212275.518828,111487.040785,-199332.016926,-5864.37821551,1212.11965532,-1237.70633859
22.0,4.5,22.0,4.49964284897,0.0,-0.0003571510300002245,5.886,D:\zju_soft_study\blade_fracture\后处理\outputs\linearization\22mps_4.5rpm.lin,151793.445912,233786.283683,-213018.546257,-9207.0644243,4996.17928161,-2741.69257436
22.0,5.0,22.0,4.9998292923,0.0,-0.00017070769999971702,5.322,D:\zju_soft_study\blade_fracture\后处理\outputs\linearization\22mps_5rpm.lin,154288.241884,249727.322756,-191998.157148,-8478.18086367,6022.99280319,-3518.87848982
22.0,5.5,22.0,5.49944496155,0.0,-0.0005550384499999339,4.835,D:\zju_soft_study\blade_fracture\后处理\outputs\linearization\22mps_5.5rpm.lin,-54598.2968358,285951.984528,-162569.612396,-9250.80076351,7698.80386667,-3608.40314531
22.0,6.0,22.0,6.00022506714,0.0,0.00022506713999970174,4.167,D:\zju_soft_study\blade_fracture\后处理\outputs\linearization\22mps_6rpm.lin,-124506.652612,234646.884612,-71870.3934267,-6254.43820135,7761.62061673,-2156.4251391
22.0,6.5,22.0,6.5004119873,0.0,0.0004119872999996943,3.538,D:\zju_soft_study\blade_fracture\后处理\outputs\linearization\22mps_6.5rpm.lin,-6404.82412505,93564.8132425,27723.9953119,-194.699059937,3388.31935276,2065.44570796
22.0,7.0,22.0,7.00023317337,0.0,0.0002331733699998395,3.05,D:\zju_soft_study\blade_fracture\后处理\outputs\linearization\22mps_7rpm.lin,6786.86934728,52109.1076672,171822.880787,133.607948601,2629.95493772,6685.36555447
22.0,7.5,22.0,7.4991850853,0.0,-0.0008149147000002799,2.784,D:\zju_soft_study\blade_fracture\后处理\outputs\linearization\22mps_7.5rpm.lin,6798.7879278,60606.6686734,228395.301084,184.11884401,3493.35010721,8830.93582909
22.0,8.0,22.0,7.9999756813,0.0,-2.431870000041414e-05,2.523,D:\zju_soft_study\blade_fracture\后处理\outputs\linearization\22mps_8rpm.lin,6440.16425301,86322.6408562,360082.488322,200.021095993,5849.91781563,14982.1749078
22.0,8.5,22.0,8.49973011017,0.0,-0.00026988982999931466,2.287,D:\zju_soft_study\blade_fracture\后处理\outputs\linearization\22mps_8.5rpm.lin,5480.09889751,95519.4434942,451039.538299,219.510730046,8123.24305336,19503.8414449
22.0,9.0,22.0,9.00087833405,0.0,0.0008783340500002623,2.104,D:\zju_soft_study\blade_fracture\后处理\outputs\linearization\22mps_9rpm.lin,5384.82070989,81858.5355957,537563.327337,196.673445478,8757.77806695,23969.3312607
22.0,9.5,22.0,9.49971008301,0.0,-0.00028991699000080473,1.882,D:\zju_soft_study\blade_fracture\后处理\outputs\linearization\22mps_9.5rpm.lin,4587.47745008,68950.4376444,604663.847119,196.066974934,9926.83119829,28095.5226322
22.0,10.0,22.0,10.0000686646,0.0,6.86646000005453e-05,1.636,D:\zju_soft_study\blade_fracture\后处理\outputs\linearization\22mps_10rpm.lin,3633.94611209,51321.2538274,617619.855261,174.599276491,10394.6621077,31024.7693598
22.0,10.5,22.0,10.4991083145,0.0,-0.0008916854999991841,1.466,D:\zju_soft_study\blade_fracture\后处理\outputs\linearization\22mps_10.5rpm.lin,3730.98364447,31274.5306614,652319.611729,192.490592829,10597.2157715,34099.7174642
22.0,11.0,22.0,10.9994020462,0.0,-0.0005979537999998286,1.276,D:\zju_soft_study\blade_fracture\后处理\outputs\linearization\22mps_11rpm.lin,3565.31209328,23597.871634,699953.890422,190.471333979,10916.456046,39477.6873311
22.0,11.5,22.0,11.4989900589,0.0,-0.0010099410999995229,0.978,D:\zju_soft_study\blade_fracture\后处理\outputs\linearization\22mps_11.5rpm.lin,3292.93438875,37126.0703205,737471.883044,166.186225833,9519.81539422,44138.9004249
22.0,12.0,22.0,12.0004959106,0.0,0.0004959105999997604,0.829,D:\zju_soft_study\blade_fracture\后处理\outputs\linearization\22mps_12rpm.lin,3784.52468915,43037.213591,728361.854101,210.087765691,9918.10718749,44696.3033112
24.0,1.0,24.0,0.999855875969,0.0,-0.00014412403099994808,9.649,D:\zju_soft_study\blade_fracture\后处理\outputs\linearization\24mps_1rpm.lin,4661.9661333,93494.9177715,-302339.085532,-57.7411561446,-2385.14000545,1022.28763632
24.0,1.5,24.0,1.50023019314,0.0,0.00023019313999994573,9.295,D:\zju_soft_study\blade_fracture\后处理\outputs\linearization\24mps_1.5rpm.lin,9009.86114533,142749.842975,-333869.669195,12.9532276943,-2071.17609956,748.202308251
24.0,2.0,24.0,2.00005459785,0.0,5.459785000017092e-05,8.656,D:\zju_soft_study\blade_fracture\后处理\outputs\linearization\24mps_2rpm.lin,5703.88785576,108990.413374,-292559.412166,-0.842020852305,-2418.84256088,1143.95723842
24.0,2.5,24.0,2.50031900406,0.0,0.0003190040600000721,7.949,D:\zju_soft_study\blade_fracture\后处理\outputs\linearization\24mps_2.5rpm.lin,6241.83484386,120106.185535,-269970.551093,48.1089604601,-1266.70215509,502.429152478
24.0,3.0,24.0,3.00001978874,0.0,1.9788739999970772e-05,7.103,D:\zju_soft_study\blade_fracture\后处理\outputs\linearization\24mps_3rpm.lin,7109.62908762,138600.331038,-235277.956598,128.261890216,520.014554771,-433.355285477
24.0,3.5,24.0,3.49959731102,0.0,-0.00040268897999995446,6.631,D:\zju_soft_study\blade_fracture\后处理\outputs\linearization\24mps_3.5rpm.lin,32385.6972498,148540.846797,-270522.022971,-1090.21596385,1303.65542308,-1818.77730563
24.0,4.0,24.0,3.99975776672,0.0,-0.00024223327999983724,5.87,D:\zju_soft_study\blade_fracture\后处理\outputs\linearization\24mps_4rpm.lin,134102.270419,311852.338052,-229369.329336,-3930.99753792,5211.81506511,-2510.55110447
24.0,4.5,24.0,4.50015878677,0.0,0.00015878677000014108,5.552,D:\zju_soft_study\blade_fracture\后处理\outputs\linearization\24mps_4.5rpm.lin,94441.6584222,301784.11178,-285082.31294,-6746.09669018,5442.49118651,-4112.76267317
24.0,5.0,24.0,5.00032281876,0.0,0.00032281875999995435,4.866,D:\zju_soft_study\blade_fracture\后处理\outputs\linearization\24mps_5rpm.lin,83074.3688143,315994.645704,-133735.511356,-7502.71946998,6219.52125204,-1908.4977963
24.0,5.5,24.0,5.50040340424,0.0,0.00040340424000007147,4.443,D:\zju_soft_study\blade_fracture\后处理\outputs\linearization\24mps_5.5rpm.lin,-103475.358554,230017.353001,-112213.784176,-9148.39007686,5090.14161099,-1680.93731263
24.0,6.0,24.0,6.00042581558,0.0,0.0004258155799998775,3.682,D:\zju_soft_study\blade_fracture\后处理\outputs\linearization\24mps_6rpm.lin,-254807.281313,118051.657204,39011.263876,-6381.60686337,3748.13882848,1599.2460645
24.0,6.5,24.0,6.50000524521,0.0,5.245209999671374e-06,3.325,D:\zju_soft_study\blade_fracture\后处理\outputs\linearization\24mps_6.5rpm.lin,-99090.7713599,106814.693647,148295.801325,-438.759215157,4077.3849628,5671.61073688
24.0,7.0,24.0,6.99932289124,0.0,-0.0006771087599997117,2.898,D:\zju_soft_study\blade_fracture\后处理\outputs\linearization\24mps_7rpm.lin,-12537.4453579,81995.890806,231840.209827,-301.282093766,4137.29233351,8278.79251636
24.0,7.5,24.0,7.49963569641,0.0,-0.000364303589999615,2.661,D:\zju_soft_study\blade_fracture\后处理\outputs\linearization\24mps_7.5rpm.lin,8617.4065136,85434.6283067,306833.223237,222.641681735,5373.70761228,11497.8753161
24.0,8.0,24.0,8.00086021423,0.0,0.0008602142300002669,2.386,D:\zju_soft_study\blade_fracture\后处理\outputs\linearization\24mps_8rpm.lin,5574.07310118,92924.6589809,432647.593076,182.551636677,7376.57826768,16657.181212
24.0,8.5,24.0,8.50072002411,0.0,0.0007200241100004945,2.211,D:\zju_soft_study\blade_fracture\后处理\outputs\linearization\24mps_8.5rpm.lin,6392.07298525,113835.030043,521262.678065,197.252090269,9457.115611,20300.2751613
24.0,9.0,24.0,8.99953079224,0.0,-0.0004692077600001454,2.021,D:\zju_soft_study\blade_fracture\后处理\outputs\linearization\24mps_9rpm.lin,5327.90159563,98330.1648871,595560.980149,196.419175112,10335.6877063,25257.8148648
24.0,9.5,24.0,9.50060462952,0.0,0.0006046295199997331,1.75,D:\zju_soft_study\blade_fracture\后处理\outputs\linearization\24mps_9.5rpm.lin,5111.0950823,102155.837764,642142.448893,190.092904912,12102.9595455,27108.5133054
24.0,10.0,24.0,9.99913883209,0.0,-0.0008611679099992386,1.548,D:\zju_soft_study\blade_fracture\后处理\outputs\linearization\24mps_10rpm.lin,4307.33205831,80059.7484544,600996.91723,142.237439038,10909.8852975,26752.2051766
24.0,10.5,24.0,10.4991378784,0.0,-0.0008621216000008758,1.391,D:\zju_soft_study\blade_fracture\后处理\outputs\linearization\24mps_10.5rpm.lin,3593.44443967,62190.4594024,622253.651429,162.378003062,11721.9367642,30193.3091219
24.0,11.0,24.0,11.00066185,0.0,0.0006618500000001859,1.098,D:\zju_soft_study\blade_fracture\后处理\outputs\linearization\24mps_11rpm.lin,3835.6851096,33601.3436153,754302.518276,173.049596986,11595.8099825,40316.0857297
24.0,11.5,24.0,11.4981536865,0.0,-0.0018463134999997521,0.93,D:\zju_soft_study\blade_fracture\后处理\outputs\linearization\24mps_11.5rpm.lin,3629.45727736,40572.2024186,765847.617848,159.444616854,10522.1363115,42922.3722627
24.0,12.0,24.0,11.9992837906,0.0,-0.0007162094000001673,0.791,D:\zju_soft_study\blade_fracture\后处理\outputs\linearization\24mps_12rpm.lin,4027.36053498,58703.7909059,775047.171446,206.242335542,11326.5888276,44035.1637304
