7.3024174963e-02,3.4264035697e-02,1.7014268712e-02,2.4283671384e-02,4.0145408305e-02,8.8526562682e-02,1.6896326803e-01,6.5147169075e-01,3.6096791899e-01,5.5425172384e-01,1.3465619643e+00,1.0951019610e+00,1.4074765703e+00,3.7446966205e+00,2.9638535586e+00,1.3905545414e+01,-1.3595737722e-01,-3.3164651068e+00,-2.0005596886e+01,1.7857439287e+01,4.1030570151e+01,4.5698330707e+01,3.4254060039e+01
1.0282320208e-01,3.5343442373e-02,-1.2334467540e-02,-5.9494014720e-03,5.7993597894e-02,-3.2667924705e-02,5.6473413185e-02,2.4374751891e-01,2.4178842869e-01,6.0959599646e-01,5.1401218625e-01,8.8547924495e-01,9.3139327681e-01,2.1453917782e+00,1.7527941008e+00,7.0425432156e+00,-6.1653983899e+00,-1.0804815833e+01,1.4861828280e-02,1.4402570093e+01,2.1077908249e+01,2.9069021836e+01,3.6064928549e+01
1.1159229237e-01,7.1024171471e-02,1.6286974228e-02,1.3554244473e-02,2.0065845195e-02,3.1787969669e-02,4.8374413925e-02,1.7556586470e-01,3.5198576562e-01,3.9533567744e-01,6.6874146921e-01,7.2803547636e-01,1.1456427652e+00,1.4716038279e+00,2.0673436818e+00,3.1690104160e+00,-5.3868219887e+00,-1.2891101218e+01,2.1212251800e+00,1.8934293001e+01,2.3106014319e+01,3.2102132498e+01,3.9104942442e+01
1.3962640534e-01,9.7475318521e-02,3.4486710995e-02,-1.3731642940e-03,-4.2782831480e-02,-2.1727855733e-02,8.9851159900e-02,1.1964704423e-01,2.3070698094e-01,4.2162370231e-01,6.4988825152e-01,8.8182613539e-01,1.4033927512e+00,1.3834132742e+00,2.0974827473e+00,2.1756894678e+00,-1.9914092136e+00,-9.1874400778e+00,5.9977175430e+00,2.1447409866e+01,2.4449779259e+01,3.2943617611e+01,4.3629192707e+01
1.5842046537e-01,8.6899912652e-02,5.6117162928e-02,2.5276271907e-02,1.2958528987e-02,3.5430375639e-02,-2.0065612380e-02,7.1297119528e-02,2.7212224768e-01,5.2874613614e-01,7.6382557157e-01,1.1309382468e+00,1.4331482404e+00,1.4562905279e+00,1.9924360156e+00,2.0428922228e+00,-1.1960804257e+00,-7.4279811368e+00,1.0760081369e+01,2.2754137540e+01,3.0219551796e+01,3.6726264806e+01,4.6523203819e+01
-6.8606147463e-02,-1.7582574832e-02,-3.9535852465e-02,5.0928966249e-02,5.1220430779e-02,9.3664724041e-02,8.1624402254e-02,1.4234752869e-01,4.6186946930e-01,5.2153343157e-01,8.9657923692e-01,1.1705274303e+00,1.4652656687e+00,1.9953848426e+00,1.8683685615e+00,2.3866053931e+00,5.9963770782e-02,-7.4910768903e+00,1.3031274644e+01,2.2534251464e+01,3.5025650449e+01,3.9533963497e+01,4.9276231642e+01
-5.4537714006e-01,-4.2120765359e-01,-8.4614753854e-02,-1.4932561724e-02,9.0384973413e-02,1.3729210250e-01,4.8987663536e-02,2.2152508113e-01,4.3972714403e-01,7.3001862409e-01,8.8455788781e-01,1.2750154213e+00,1.5693292028e+00,2.0336381731e+00,1.8694683975e+00,2.7006534972e+00,8.7334613189e-03,-6.8542511680e+00,1.4097947144e+01,2.5432787482e+01,3.8315440225e+01,4.1931593698e+01,5.1904665424e+01
-9.7126748466e-01,-9.4594267273e-01,-2.8485307632e-01,-2.0777838938e-01,-2.7924818356e-02,1.8487043138e-01,2.4042414234e-01,3.2369255080e-01,5.3072588925e-01,6.9303339678e-01,8.6971088480e-01,1.1409040086e+00,1.6961992349e+00,2.0088791590e+00,1.0066811333e+00,2.0465784650e+00,1.8673469540e-02,-5.3592161749e+00,1.0800919020e+01,2.8345528679e+01,3.9661725592e+01,4.2885298236e+01,5.3922969060e+01
-1.6729180572e+00,-1.0718606097e+00,-5.7990467804e-01,-3.3553821114e-01,-1.3792060808e-01,1.7216857129e-02,1.3639485771e-01,2.9863861739e-01,3.9472417139e-01,2.9984167129e-01,4.5323831336e-01,7.7347045897e-01,1.3987506750e+00,1.4291714866e+00,-1.5696329563e-01,1.1145910311e+00,-7.9721453394e-02,-6.6958105504e+00,7.9593474550e-01,2.9551529735e+01,3.9430012235e+01,4.3777559102e+01,5.2310751194e+01
6.4550900733e-01,-1.2282697370e+00,-1.0923090815e+00,-9.4191497637e-01,-3.1069844721e-01,-2.0207002887e-01,-1.7880549504e-01,-3.0715237967e-02,-8.2172050605e-02,-7.8325959454e-01,-6.6837755109e-02,4.4446585036e-01,6.7455320464e-01,-3.0137389300e-01,-8.1786473856e-01,1.5105117602e-01,-8.1241611006e-01,-5.7605150161e+00,-5.8437679305e+00,1.9926988816e+01,3.8795586504e+01,4.4469296838e+01,4.9250545853e+01
-3.8944645204e-01,-9.1557452124e-01,-5.1479995552e-01,-2.1150464665e-01,-3.3223752835e-01,-1.3622115141e-01,-1.1471953001e-01,-1.3090971895e-01,-1.3552266674e-01,1.4082316613e-02,3.6664696318e-03,1.8880750528e-01,3.9295065107e-01,-1.3056895876e+00,-8.7496312409e-01,-4.5714596026e+00,-3.3760183587e+00,1.1998913782e+01,2.8624641595e+01,3.7583929006e+01,4.2017322760e+01,4.5337271979e+01,5.5344225277e+01
1.0592678912e-01,-1.3383741214e-01,-3.1125099393e-01,-7.6521841600e-02,-7.8221652839e-02,-1.4758408763e-01,-1.0245211943e-01,-8.5433794913e-02,-1.6537654461e-01,-1.6564835971e-01,-2.0437099192e-01,2.3331281006e-02,-1.7822522583e-01,-2.1782951796e+00,-3.8062173193e+00,-3.7405537379e+00,7.9724794884e+00,1.8740373868e+01,3.2178276934e+01,3.7652397555e+01,4.1445205045e+01,4.5993736264e+01,5.6713967601e+01
7.0199143735e-02,-2.3368678913e-01,-3.2276018361e-01,-2.6727564935e-02,-1.2962374891e-01,-2.3570946136e-01,-2.4810158860e-01,-3.2796022874e-01,-3.5169112617e-01,-4.5455614227e-01,-4.3291926331e-01,-4.3360699873e-01,-8.3505536151e-01,-3.0310591197e+00,-4.3051459145e+00,-1.5848223667e+00,9.2318902621e+00,2.1173150766e+01,3.1543454969e+01,3.7877313862e+01,4.1328608593e+01,4.6144846995e+01,5.5784568067e+01
1.5405612887e-01,1.3476631632e-01,1.5003434050e-02,-2.7335462939e-03,5.3727771884e-02,-1.0973175794e-01,-2.8815771925e-01,-3.9495890385e-01,-5.4129289669e-01,-6.7781790216e-01,-7.7299299820e-01,-6.3060676502e-01,-2.9300719583e+00,-2.9130848873e+00,-3.0964726180e+00,4.0144475785e+00,1.2847076806e+01,2.3482063155e+01,3.0632051747e+01,3.7186135131e+01,4.1492360471e+01,4.4939152076e+01,5.5118539491e+01
2.9538286853e-01,5.9633298237e-01,3.8738952496e-01,2.7696047916e-01,2.5403763691e-01,4.3662541027e-02,-2.2304745479e-01,-4.3373809089e-01,-7.1428641983e-01,-8.9188121942e-01,-1.0948881779e+00,-1.7827052584e+00,-2.4730867807e+00,-3.5167826051e+00,1.4028684506e+00,9.5393209642e+00,1.6062401862e+01,2.4802378325e+01,2.9756336698e+01,3.6768521672e+01,4.1264953219e+01,4.4079837696e+01,5.3057139399e+01
4.3479716152e-01,6.8065966608e-01,3.9834467714e-01,2.6685382945e-01,1.8998435177e-01,7.6517069010e-02,-3.0703519098e-01,-6.3748515028e-01,-5.7052221067e-01,-8.8066289403e-01,-1.6428315521e+00,-3.0571648395e+00,-3.2953588000e+00,-2.7722941346e+00,5.1811824243e+00,1.2237138648e+01,1.7957198998e+01,2.5186607031e+01,2.8830440022e+01,3.6074711872e+01,4.1064148677e+01,4.4077861539e+01,5.3105419960e+01
7.4272852322e-01,7.8366412531e-01,9.1018458096e-01,6.4517696422e-01,4.1109177642e-01,2.1416633174e-01,-2.8116755038e-01,-5.5587816276e-01,-8.3706865265e-01,-1.9590296796e+00,-2.4471178068e+00,-3.6556016628e+00,-2.4387364294e+00,3.0986277565e+00,6.9802056629e+00,1.3586239857e+01,2.0195774843e+01,2.4698418292e+01,3.0914557672e+01,3.6007830152e+01,3.9812685020e+01,4.5340653941e+01,5.0395624874e+01
8.5741333805e-01,8.0949324987e-01,1.0042792035e+00,6.6025403067e-01,3.5938993382e-01,1.3732959607e-01,-4.2642681535e-01,-8.9665088893e-01,-1.3148049016e+00,-2.4776547072e+00,-3.1446445911e+00,-3.4523976413e+00,-1.0323283571e+00,5.4776483012e+00,1.0926078877e+01,1.4764903718e+01,2.0687796276e+01,2.4215476739e+01,3.0665345434e+01,3.4476221540e+01,3.9536344781e+01,4.5012616684e+01,5.0236189963e+01
1.0445368622e+00,8.9081098145e-01,1.2164819704e+00,1.0797004275e+00,6.2495211462e-01,1.4151694853e-01,-5.7845334257e-01,-1.2469832257e+00,-2.9337955179e+00,-3.0870370153e+00,-3.8811872463e+00,-1.2626262137e+00,3.8185492425e+00,8.0301410925e+00,1.1905581070e+01,1.7819496263e+01,2.1877350123e+01,2.4798624845e+01,3.0148613770e+01,3.3493746248e+01,3.7844149562e+01,4.5184539484e+01,4.6980888825e+01
1.4251454002e+00,8.0565683517e-01,1.1293013244e+00,6.2662345085e-01,8.8292092296e-03,-5.4258873133e-01,-1.1673739756e+00,-2.7884062713e+00,-3.1104960506e+00,-4.2361317421e+00,-2.2158674079e+00,2.0709487127e+00,6.5102628209e+00,1.0770291327e+01,1.4947435055e+01,2.0446246880e+01,2.4239997163e+01,2.8868983667e+01,3.2626434878e+01,3.6319734860e+01,3.9955966130e+01,4.7703310225e+01,4.9336074619e+01
1.4072966501e+00,9.2484915079e-01,1.2711455594e+00,9.9332895949e-01,2.7766643006e-01,-3.2596884346e-01,-1.2501198374e+00,-2.9098195842e+00,-3.4244135600e+00,-3.4706097481e+00,-1.8064111371e+00,2.5650448730e+00,7.2577449669e+00,9.3008285309e+00,1.4831833041e+01,1.8975577278e+01,2.2568618395e+01,2.6446792523e+01,2.9136364527e+01,3.1912723849e+01,3.6788835788e+01,4.4413059740e+01,4.5885456202e+01
1.2615401311e+00,8.4280299638e-01,1.2226279537e+00,1.1999001450e+00,4.8172289066e-01,-1.3272797335e+00,-1.9244960418e+00,-3.5846385098e+00,-2.3586459648e+00,-2.3964057105e+00,1.9998915403e+00,6.6815476979e+00,7.4369740098e+00,1.1418719982e+01,1.6353024318e+01,1.9429314854e+01,2.3948625392e+01,2.6234077279e+01,2.6083914735e+01,2.8698274004e+01,3.7151575369e+01,4.3663626497e+01,4.2007363317e+01
1.0206734576e+00,7.2949041398e-01,1.1306633532e+00,6.2091920681e-01,-6.7620990362e-02,-2.5750020902e+00,-2.4709030058e+00,-4.1084586227e+00,-1.6738544925e+00,-1.2783863649e+00,2.0043693986e+00,6.1325378442e+00,8.6242281696e+00,1.1539409181e+01,1.6319654208e+01,1.9156724746e+01,2.3564994131e+01,2.5753215348e+01,2.6027373464e+01,2.8988185512e+01,3.7354427378e+01,4.3706543703e+01,4.3124955036e+01
1.1710264583e+00,6.6247861471e-01,-1.9192133985e-01,-9.4782884665e-01,-1.3680553458e+00,-2.3799986682e+00,-2.2993129352e+00,-2.8812847053e+00,-4.6109024636e+00,-4.0635428775e+00,-3.3777966522e+00,-1.4709943102e+00,4.4600386059e+00,8.2469853684e+00,1.2735303186e+01,1.6038941402e+01,2.0750455229e+01,2.5034707897e+01,2.7411379454e+01,3.1372250240e+01,3.4205136691e+01,3.8572618874e+01,4.7209201585e+01
7.9036134738e-01,4.6306330038e-01,-3.3266409012e-02,-1.0113691398e+00,-1.3488989969e+00,-1.9475403071e+00,-4.2216605606e+00,-4.7772885136e+00,-3.7934726179e+00,-2.4301797546e+00,-9.4535567095e-01,2.6212986820e+00,7.3603336047e+00,1.0087889162e+01,1.3286073472e+01,1.8843801670e+01,2.1462368120e+01,2.5172082048e+01,2.7510014035e+01,3.0108805850e+01,3.3664111934e+01,3.9451401676e+01,4.7986603951e+01
4.4474808659e-01,4.5913198289e-01,-6.8471649729e-01,-1.2628458096e+00,-1.4966917106e+00,-4.5232629408e+00,-4.6223607096e+00,-4.5484078027e+00,-2.0770951343e+00,-1.6863503048e+00,6.5677500192e-02,4.3600935454e+00,8.4816664979e+00,1.0708799011e+01,1.3806494964e+01,1.8471267767e+01,2.1694440683e+01,2.4968721134e+01,2.7344679669e+01,2.9436704197e+01,3.2557337067e+01,4.0314740437e+01,4.6997141421e+01
9.1836926030e-01,2.4413835789e-01,-3.0631379620e-01,-1.6752512504e+00,-4.2465477556e+00,-4.0995672785e+00,-4.4397374969e+00,-3.8890162264e+00,-1.9161619691e+00,-1.2448273235e+00,2.0432661630e+00,4.4390013322e+00,9.5909631063e+00,1.2383515970e+01,1.4382355463e+01,1.8383409259e+01,2.1536940178e+01,2.5649875712e+01,2.7006522019e+01,2.9003364069e+01,3.1244576759e+01,3.9523203529e+01,4.6173286378e+01
1.4920006417e+00,-2.2533334765e+00,-4.9964055387e+00,-2.1874721906e+01,-5.7242150611e+00,-3.9875881171e+00,-3.8627521709e+00,-2.4474966027e+00,-8.9440513391e-01,-1.8001658763e-01,3.8346016266e+00,6.5466226560e+00,1.0758747544e+01,1.2356560867e+01,1.4996139296e+01,1.8745102362e+01,2.1879982160e+01,2.5344784910e+01,2.6972948220e+01,2.7736006090e+01,3.0912604584e+01,3.8494080632e+01,4.5570646089e+01
5.4473083616e+00,4.1615337246e+00,-1.4794669677e+01,-4.9711852998e+00,-2.0976775624e+00,-2.2247174350e+00,-1.6208794206e+00,-1.0850535243e+00,-1.0005210530e+00,-4.8895826222e-01,4.2396249317e+00,6.5988849011e+00,1.0860168599e+01,1.2129863590e+01,1.5994062623e+01,1.8459906959e+01,2.1830876150e+01,2.5967415690e+01,2.6389621799e+01,2.7341467238e+01,3.0473391560e+01,3.7240313718e+01,4.5064763040e+01
