4.5687852653e+00,9.7090864436e+00,1.6545037168e+01,2.3465915150e+01,3.1823032104e+01,3.9731466057e+01,5.1551574075e+01,6.3666225594e+01,7.4984964370e+01,8.9577203807e+01,1.0273901272e+02,1.1466377931e+02,1.2501192936e+02,1.3580249008e+02,1.4442316484e+02,1.5277032648e+02,1.7381390675e+02,1.5831638943e+02,1.7124114942e+02,1.3625778483e+02,5.6184018178e+01,1.3427807120e+01,6.7251403602e+01
5.4536240901e+00,1.2200198339e+01,1.7269901549e+01,2.5209585006e+01,3.3490316406e+01,4.2535427856e+01,5.4525846567e+01,6.7325731861e+01,7.9635717568e+01,9.4279586290e+01,1.0700089368e+02,1.1736022022e+02,1.2852108205e+02,1.3766770480e+02,1.4936486186e+02,1.6337601050e+02,1.8013192369e+02,1.7345062687e+02,1.5876145578e+02,1.0046633816e+02,6.5360126976e+01,5.7837564790e+01,7.9908559413e+01
-2.2975863677e+02,1.6901522598e+01,2.0785498459e+01,2.8147526072e+01,3.5064151627e+01,4.5475915635e+01,5.7457223591e+01,6.8748496515e+01,8.4191954534e+01,9.8133941405e+01,1.0957096640e+02,1.2067354830e+02,1.2974088791e+02,1.4191395300e+02,1.5203430799e+02,1.6536786240e+02,1.9417715431e+02,1.7017450465e+02,1.5611905241e+02,9.2917597677e+01,6.2165553821e+01,4.9300102030e+01,7.2921404404e+01
-7.3191018966e+02,6.7462116348e+01,2.8221461705e+01,3.3980860747e+01,3.7521127557e+01,4.8919446110e+01,6.0023568603e+01,7.2710560032e+01,8.9870705224e+01,9.9783739089e+01,1.1452452651e+02,1.2190307381e+02,1.3766045508e+02,1.4562154680e+02,1.5025238311e+02,1.6758999796e+02,1.8901650863e+02,1.7276413089e+02,1.3628130257e+02,7.2845259746e+01,4.6519038793e+01,3.3672126454e+01,1.4548068419e+02
-7.5752124547e+02,-4.2753300161e+02,2.1160342671e+02,3.8081116554e+01,4.4993606677e+01,5.4237450434e+01,6.3489984723e+01,7.4501779247e+01,9.5170139013e+01,1.0680977388e+02,1.2140961897e+02,1.3405998012e+02,1.4333732278e+02,1.4895317902e+02,1.5743827815e+02,1.7106494022e+02,1.9686438810e+02,1.6487298208e+02,1.0217492165e+02,4.0870821654e+01,-4.9027011611e+00,1.2497775083e+02,2.3461478868e+02
-5.8327367749e+02,-1.4307384493e+03,1.2308474960e+02,5.2104859310e+01,5.0270551875e+01,6.2670130561e+01,7.0092898861e+01,8.6048945015e+01,1.0394894106e+02,1.1984089044e+02,1.3514158448e+02,1.4972990110e+02,1.5914894209e+02,1.6600896931e+02,1.7107393212e+02,1.7799722817e+02,2.0082056302e+02,1.4402388641e+02,4.3572240159e+01,9.3855124078e+01,1.1205583662e+02,2.2268384131e+02,2.7119662406e+02
-1.2389626401e+02,-1.5482735010e+03,-6.7544203643e+02,2.8480150521e+02,6.0592494943e+01,7.2556180527e+01,7.9920499278e+01,9.9410986973e+01,1.2085376691e+02,1.3936689913e+02,1.5281448899e+02,1.6621186011e+02,1.7340160085e+02,1.7943174883e+02,1.8213758272e+02,1.8638241609e+02,2.0598347169e+02,1.7905438946e+02,1.3036608294e+02,1.2763089379e+02,2.5794647977e+02,2.7830900885e+02,2.6068331575e+02
1.1499887001e+01,-9.7342039903e+02,-1.7872088908e+03,1.7273296841e+02,6.2617075655e+01,8.5784650894e+01,9.7139832902e+01,1.1996744258e+02,1.3960686462e+02,1.5301182262e+02,1.6061338211e+02,1.6563506199e+02,1.7965744148e+02,1.8866354061e+02,1.8590548569e+02,1.9266651192e+02,2.0626847457e+02,2.1537589901e+02,1.5052567037e+02,3.1563459877e+02,2.6695250346e+02,2.8477119636e+02,2.5375894791e+02
1.5001163328e+01,-3.0037564934e+02,-2.2477831965e+03,-1.9992225507e+02,1.6771292619e+02,8.2675993886e+01,1.0911512940e+02,1.2677033755e+02,1.3552009947e+02,1.5072894117e+02,1.5503467638e+02,1.5910992290e+02,1.6580890189e+02,1.7491749201e+02,1.7829828994e+02,1.8439063044e+02,1.9726051605e+02,2.3840699105e+02,2.0626801564e+02,3.0189164176e+02,3.0325363258e+02,2.8022264231e+02,2.4429865305e+02
1.0375709047e+01,-4.9874017066e+01,-1.9499568055e+03,-2.3754692701e+03,2.5703344816e+02,8.0651609461e+01,9.3268726333e+01,9.9903371332e+01,1.2214470685e+02,1.3557415343e+02,1.5977029637e+02,1.5744681256e+02,1.6249790149e+02,1.5169064825e+02,1.6353332289e+02,1.7459399340e+02,1.8337254472e+02,2.1159515470e+02,3.7275391323e+02,3.8696043521e+02,2.8638306640e+02,2.8800258198e+02,2.5644112221e+02
-2.0602455758e+01,6.5011392585e+01,-1.2060391321e+03,-1.7019510582e+03,4.1812866669e+02,2.7894738889e+02,1.0250136376e+02,1.2235134568e+02,1.2894948779e+02,1.5862631382e+02,1.5728267826e+02,1.3958632941e+02,1.4550903459e+02,1.5398119562e+02,1.4299940481e+02,1.6838984768e+02,5.0626568203e+02,3.0365278490e+02,3.1915836449e+02,2.8882163690e+02,2.7631578854e+02,2.4561259274e+02,2.2351240421e+02
3.4700262852e+01,5.7066378415e+01,-5.1211016826e+02,-2.4035838780e+03,-1.0182082010e+03,9.4056048913e+02,1.3502584015e+02,1.1568686526e+02,1.2512290858e+02,1.5122741394e+02,1.3068211277e+02,1.5450451835e+02,1.6284042897e+02,1.9184557383e+02,2.6000038740e+02,4.8953488509e+02,3.2019686834e+02,3.3106465062e+02,3.1667112193e+02,2.6434306428e+02,2.6365227939e+02,2.2804989277e+02,1.8996056600e+02
3.1681068791e+01,5.4004224355e+01,-4.1783225141e+01,-1.6692889413e+03,-2.1602284262e+03,6.0166646533e+02,5.3027727882e+02,1.1879347975e+02,1.4300376369e+02,1.4063124942e+02,1.4334076579e+02,1.5040115774e+02,2.0233482224e+02,2.3382911341e+02,3.8928247091e+02,3.5493490506e+02,2.8152104476e+02,3.6920636428e+02,3.0675210005e+02,2.5263349279e+02,2.4994813905e+02,2.3066993214e+02,1.8040605345e+02
1.3420855483e+01,2.9222474598e+01,4.6736540982e+01,-1.2066661005e+03,-2.8365680893e+03,-4.9918657825e+02,9.5502074885e+02,2.6625065748e+02,1.3405453035e+02,1.5253631225e+02,1.4049340754e+02,2.1012269915e+02,2.9865359120e+02,4.0357452712e+02,4.6950730371e+02,2.5271195359e+02,3.5133803534e+02,3.4198202838e+02,2.7559150950e+02,2.2884679773e+02,2.1181635461e+02,2.1128633347e+02,1.8039715922e+02
7.6361000193e+00,5.3791377517e+00,3.3803151885e+01,-5.6779719426e+02,-2.8199820841e+03,-1.7877002585e+03,7.8276005377e+02,7.2747235533e+02,1.6456054514e+02,1.3124433920e+02,1.8792547385e+02,3.1841537756e+02,4.7156850052e+02,4.8195749677e+02,2.6738144173e+02,3.2445636527e+02,3.3582167711e+02,2.5996455664e+02,2.5143108711e+02,2.1003172597e+02,1.8749577256e+02,1.9883920178e+02,1.7700837598e+02
6.9969866049e+00,2.2953497934e+00,3.1943511098e+01,-8.3666079178e+01,-2.3484555903e+03,-2.7170355386e+03,-3.6011837760e+02,7.8753252002e+02,8.0655949236e+02,1.6752417538e+02,2.8896019728e+02,3.7244867011e+02,4.6181278022e+02,4.7883346753e+02,2.7623746667e+02,2.9089933975e+02,2.9587360092e+02,2.3221340191e+02,2.3858493945e+02,2.0641190463e+02,1.7326375377e+02,1.8000783925e+02,1.7732012330e+02
1.5437565120e+00,-9.2586326238e-01,9.5399215320e+00,3.6839383255e+01,-1.4988114053e+03,-3.3531797190e+03,-1.4811290331e+03,1.4570302485e+03,1.0197360989e+03,8.2338632949e+01,3.2924839745e+02,4.2217457925e+02,4.9564333814e+02,2.5700980550e+02,2.7890524315e+02,2.6730197288e+02,2.4731611030e+02,2.1500154007e+02,2.1673248084e+02,1.8020344618e+02,1.6058969047e+02,1.5946249783e+02,1.8017121235e+02
4.0242261395e+00,1.0640048631e+00,6.2287954885e+00,3.7693385384e+01,-7.2283111595e+02,-3.4046477012e+03,-2.9113112439e+03,1.3039387403e+02,8.5777929268e+02,-6.9150666253e+02,2.3205864665e+02,4.8136213350e+02,2.9233614479e+02,2.3288572995e+02,2.2002534566e+02,2.5501081196e+02,2.3268991557e+02,2.0743562268e+02,2.0873974323e+02,1.7541876938e+02,1.6252072743e+02,1.7056376897e+02,1.7458686558e+02
3.9143384326e+00,-4.8229547574e+00,-7.4644294679e+00,8.3895261407e+00,-1.8171914692e+02,-2.8292836573e+03,-3.6097218428e+03,-2.5269565606e+03,-5.5703526292e+03,-2.7738975921e+03,-2.5444826469e+03,2.8300498974e+02,2.1721421861e+02,1.9550633869e+02,2.1612547581e+02,2.4162583817e+02,1.9804154615e+02,1.9803772867e+02,1.8153358012e+02,1.7086532843e+02,1.7966517231e+02,1.6366079552e+02,2.0638549450e+02
1.9052386041e+01,-1.9389285896e+00,-3.2165977874e+01,3.3158342275e+01,-1.2592469904e+03,-2.9449809206e+03,-6.8162179748e+03,-7.5011170075e+03,-5.0105907511e+03,-1.9908562842e+02,1.5078154348e+04,1.4613770909e+02,1.5431802712e+02,1.3133379125e+02,2.3266523354e+02,2.3382493800e+02,1.8931321600e+02,8.8992350471e+01,1.7730067425e+02,2.3360823153e+02,3.2028486810e+02,2.5247513913e+02,2.7386607873e+02
-3.8150762177e+01,-6.7396863544e+00,-5.1222737702e+00,1.6111090003e+01,6.9499556866e+01,-2.2949011982e+03,-5.8643782155e+03,-9.2070644243e+03,-8.4781808637e+03,-9.2508007635e+03,-6.2544382013e+03,-1.9469905994e+02,1.3360794860e+02,1.8411884401e+02,2.0002109599e+02,2.1951073005e+02,1.9667344548e+02,1.9606697493e+02,1.7459927649e+02,1.9249059283e+02,1.9047133398e+02,1.6618622583e+02,2.1008776569e+02
-4.3131569210e+01,-3.2245016167e+00,2.2242923671e-01,-3.7457296652e+00,7.1414019148e+01,-2.6572782823e+03,-4.0633345853e+03,-8.0003988877e+03,-9.4400083039e+03,-1.1667400057e+04,-4.2623576789e+03,5.5155531482e+02,1.6487479240e+02,2.1016119770e+02,1.8306740998e+02,1.9942530544e+02,1.9889614142e+02,1.6793802353e+02,1.6369356504e+02,1.7630166820e+02,1.7807882152e+02,1.7993246512e+02,2.2569016426e+02
-5.7741156145e+01,1.2953227694e+01,-8.4202085231e-01,4.8108960460e+01,1.2826189022e+02,-1.0902159638e+03,-3.9309975379e+03,-6.7460966902e+03,-7.5027194700e+03,-9.1483900769e+03,-6.3816068634e+03,-4.3875921516e+02,-3.0128209377e+02,2.2264168173e+02,1.8255163668e+02,1.9725209027e+02,1.9641917511e+02,1.9009290491e+02,1.4223743904e+02,1.6237800306e+02,1.7304959699e+02,1.5944461685e+02,2.0624233554e+02
-2.5513257554e+01,2.1559186891e+01,5.4969053001e+01,1.1931233926e+02,1.2738920381e+02,-2.7042449776e+02,-3.4512707968e+03,-6.6918784383e+03,-9.8616308546e+03,-1.1473189710e+04,-1.0065236473e+04,-8.7528887696e+03,-7.6095577732e+02,1.0543616069e+02,1.2880376464e+02,1.9377385684e+02,2.2587832140e+02,2.2948467209e+02,2.2356948554e+02,2.0131130120e+02,1.7522514039e+02,1.7511531020e+02,1.2061256131e+02
-4.8572064805e+01,5.1309244703e+00,7.3058409165e+01,1.0753371815e+02,3.5735040372e+01,6.2708361554e+01,-1.3493974558e+03,-5.2158942866e+03,-1.0289727053e+04,-9.5567324146e+03,-1.0883393010e+04,-6.9047921433e+03,-7.7463302593e+02,-8.7993037470e+02,1.5867997562e+02,2.1386547263e+02,2.3904244318e+02,2.2768825066e+02,1.9665164049e+02,1.7168067108e+02,1.8901152445e+02,1.5233978378e+02,1.1920774271e+02
-5.7735881719e+01,1.2592638208e+01,7.4555528547e+01,9.0276708674e+01,4.6197726788e+00,2.6636942337e+02,-5.9278154867e+02,-1.9959180783e+03,-4.9990026473e+03,-8.9482645010e+03,-1.0260462612e+04,-4.1504119217e+03,-1.8031987878e+03,-2.2299419274e+03,1.7920275456e+02,2.1863298172e+02,2.5421321272e+02,2.3178334789e+02,1.9398384531e+02,1.7101650012e+02,1.9858513803e+02,1.4171130234e+02,1.1805276454e+02
-4.0347458624e+01,1.9126269235e+01,6.8185848861e+01,-1.6837427877e+00,1.2534487001e+02,2.4694412848e+02,9.7099846624e+01,-1.0860098837e+03,-4.3318100829e+03,-7.1283868447e+03,-9.6553967267e+03,-5.5947224073e+03,-1.8437948874e+03,-1.6006224488e+03,-5.5067785462e+02,-7.8880561296e+01,2.5235030856e+02,2.4293505950e+02,1.9781597802e+02,1.6621967657e+02,2.1271718118e+02,1.3828008505e+02,1.1278362171e+02
-9.7053039179e-01,6.2406263386e-01,4.7691831086e+01,1.0490953783e+02,1.8191719515e+02,1.8134246655e+02,1.9092583745e+01,-3.3524223213e+02,-2.9425888742e+03,-2.5571040761e+03,-7.7040615269e+03,-2.3161782549e+03,-1.5290723252e+03,-2.8501215584e+03,-2.1805423491e+03,-8.1111771904e+02,2.6582060256e+02,2.4822102348e+02,2.0228909323e+02,1.5220633820e+02,2.1056054963e+02,1.5082900630e+02,1.1268143750e+02
2.6285930881e+01,1.1913225716e+02,4.5883206755e+01,1.5145732070e+02,3.6577674680e+01,-1.0105134670e+02,-8.6905926395e+01,-1.5408117472e+01,-3.0421527841e+03,-2.6886150772e+03,-8.2623700221e+03,-6.2186311326e+03,-3.5555082204e+03,-5.5127889214e+03,-4.5377111329e+03,-2.7584648266e+03,5.5283832929e+02,2.5731817087e+02,2.0996223727e+02,1.6191028623e+02,2.0676599704e+02,1.5702424264e+02,1.1587316056e+02
