6.4726151066e+01,2.9534393669e+01,1.0847870364e+01,2.0254953304e+01,3.3627698718e+01,7.7494779908e+01,1.5406633681e+02,6.2678449424e+02,3.4461397072e+02,5.2931452558e+02,1.3208243859e+03,1.0643362479e+03,1.3902059939e+03,3.7898024785e+03,3.0013140753e+03,1.4332225909e+04,-8.8114642165e+02,-4.7553258879e+03,-2.2818044191e+04,2.0996217452e+04,3.9026483067e+04,4.4201903401e+04,3.1170023113e+04
8.6650949019e+01,2.7736906446e+01,-2.0510238455e+01,-8.9734478901e+00,5.2651688010e+01,-3.7684284670e+01,4.1517058983e+01,2.2493069692e+02,2.2308425090e+02,5.8649839927e+02,4.8969986553e+02,8.6010812761e+02,9.0878715903e+02,2.1526203412e+03,1.7403593027e+03,7.1821154866e+03,-7.0919193962e+03,-1.2541732799e+04,-2.0993531712e+02,1.5039694499e+04,2.0161847663e+04,2.7904163681e+04,3.2507633372e+04
9.6072457318e+01,6.0411657171e+01,6.7318344460e+00,8.7566303650e+00,1.7275460864e+01,2.7277043469e+01,3.2396734705e+01,1.5801101694e+02,3.3101741367e+02,3.6973682717e+02,6.4122034494e+02,7.0019471174e+02,1.1173796063e+03,1.4549994633e+03,2.0628718741e+03,3.1960302010e+03,-6.1599677326e+03,-1.4203086593e+04,2.5286238943e+03,1.9215572054e+04,2.2428164316e+04,3.0718147415e+04,3.5198184987e+04
1.3353205608e+02,8.3062094421e+01,2.4496883270e+01,-6.5115198641e+00,-4.6594785537e+01,-1.9807330027e+01,7.3382241046e+01,9.7917591941e+01,2.0641028381e+02,3.9379657833e+02,6.2096539164e+02,8.5014850969e+02,1.3742034618e+03,1.3616700100e+03,2.0966674316e+03,2.1803729844e+03,-2.3450983505e+03,-1.0480203795e+04,6.7219587574e+03,2.1044113143e+04,2.3922554628e+04,3.1482240349e+04,3.9407746194e+04
1.4794124172e+02,7.1350451014e+01,4.8430740386e+01,1.7534243071e+01,5.1896323729e+00,3.7796190489e+01,-3.3152098986e+01,4.8679031422e+01,2.4462612112e+02,4.9937971890e+02,7.3007356551e+02,1.0955579716e+03,1.3981513071e+03,1.4261277619e+03,1.9847616122e+03,2.0344477960e+03,-1.4740234526e+03,-8.6525579530e+03,1.1894693352e+04,2.2223152855e+04,2.9773662299e+04,3.5170656156e+04,4.2604056160e+04
-6.5657242454e+01,-2.5164821129e+01,-4.0747706475e+01,4.2531205471e+01,4.0971518114e+01,9.3189571073e+01,7.2878664859e+01,1.1682967541e+02,4.3089335745e+02,4.8807723114e+02,8.6234624400e+02,1.1283463766e+03,1.4226586815e+03,1.9623804483e+03,1.8504746290e+03,2.3392792479e+03,-6.2891070481e+01,-8.7877401828e+03,1.4199505607e+04,2.2348487373e+04,3.4843443540e+04,3.7940101373e+04,4.5187178188e+04
-4.0507720948e+02,-3.8684442931e+02,-7.8949555559e+01,-1.9170865679e+01,7.8543896964e+01,1.2830002190e+02,4.9518325068e+01,1.9298158549e+02,4.0549073646e+02,6.9487918532e+02,8.4656752347e+02,1.2262639686e+03,1.5196810269e+03,1.9972950640e+03,1.8330173211e+03,2.6669394870e+03,-9.1538960238e+01,-8.0531903845e+03,1.5129219154e+04,2.5354725304e+04,3.8465163477e+04,4.0637255431e+04,4.7197230515e+04
-4.5117104162e+02,-8.2058439104e+02,-2.6574135041e+02,-2.0271039766e+02,-3.5935756242e+01,1.6645990630e+02,2.3052598789e+02,2.9436825783e+02,4.9339275757e+02,6.5543238400e+02,8.2899830983e+02,1.0910817388e+03,1.6427774282e+03,1.9633876007e+03,9.2658018431e+02,2.0284048817e+03,-1.0832483314e+02,-6.2333779501e+03,1.1142238622e+04,2.8556574608e+04,4.0298628422e+04,4.1723860937e+04,4.8809289796e+04
6.9633396098e+01,-9.0140836907e+02,-5.4292507086e+02,-3.1402171736e+02,-1.4258200209e+02,-4.3363505003e+00,1.1464751194e+02,2.7679904419e+02,3.5966530343e+02,2.6527274480e+02,4.1595393057e+02,7.2794735495e+02,1.3508151455e+03,1.3799106586e+03,-2.5425002159e+02,1.0819054616e+03,-1.9382087913e+02,-7.2685067792e+03,-3.5362238918e+01,3.0752166784e+04,4.0413667604e+04,4.3054421129e+04,4.8042455169e+04
7.1507119161e+02,-9.9240178844e+02,-1.0006548426e+03,-8.7613863624e+02,-3.0916780244e+02,-2.2339199190e+02,-2.1136211632e+02,-4.3699222461e+01,-1.0356883582e+02,-8.0823978034e+02,-9.9372367593e+01,4.0319666716e+02,6.3137263284e+02,-3.6503678276e+02,-9.2769924251e+02,9.3105641709e+01,-9.1628484893e+02,-6.2322588919e+03,-7.1060195294e+03,2.1086189731e+04,4.0214699057e+04,4.4879157420e+04,4.6567368611e+04
-3.1104222492e+02,-9.2852804498e+02,-5.4859030296e+02,-1.8443477853e+02,-2.1102639886e+02,-1.4102930885e+02,-1.4928236303e+02,-1.6349440209e+02,-1.6785872904e+02,-2.1429964408e+01,-3.1445535241e+01,1.4883473975e+02,3.5362238918e+02,-1.3778963538e+03,-9.4023269427e+02,-4.7398828849e+03,-4.4025987453e+03,1.2013313520e+04,3.0417120761e+04,3.9070797772e+04,4.2771523218e+04,4.4111371593e+04,5.0914178808e+04
-1.8527931777e+02,-2.1553585368e+02,-2.5135620704e+02,-7.7613679841e+01,-1.0984954993e+02,-1.6896379901e+02,-1.3146136129e+02,-1.1520704103e+02,-1.9348516168e+02,-1.9421254950e+02,-2.3254029263e+02,-1.5331097252e+01,-2.1642585464e+02,-2.2514331797e+03,-4.1203722689e+03,-4.5684431696e+03,7.1288483166e+03,1.9679085958e+04,3.4555174149e+04,3.9131003103e+04,4.2378062357e+04,4.5045337562e+04,5.0996880706e+04
-1.9215278301e+02,-2.5236161089e+02,-3.0380943708e+02,-4.7867714232e+01,-1.6872599914e+02,-2.5749529035e+02,-2.7881334894e+02,-3.5289500136e+02,-3.7673094088e+02,-4.7576759101e+02,-4.6004482339e+02,-4.7257827516e+02,-8.7420826085e+02,-3.1164651634e+03,-4.7403305082e+03,-2.4822948851e+03,8.4647799881e+03,2.2151756943e+04,3.4079798228e+04,3.9843619360e+04,4.2508544543e+04,4.5630045468e+04,5.1209403845e+04
1.8721843579e+02,1.1247234257e+02,-3.6608939687e+01,-3.7114264403e+01,1.3967245079e+01,-1.3505633574e+02,-3.1344820003e+02,-4.1385569645e+02,-5.5846599152e+02,-6.9465537369e+02,-8.0650524014e+02,-6.3327503177e+02,-3.0035521917e+03,-3.1557441060e+03,-3.8399362856e+03,3.1013578778e+03,1.2404088641e+04,2.4930154626e+04,3.3056979039e+04,3.9402262809e+04,4.2540325795e+04,4.5179512639e+04,4.9646128507e+04
2.0409523217e+02,5.3702203889e+02,3.1343421180e+02,2.2578485305e+02,2.0282929759e+02,2.0436800261e+01,-2.4619280259e+02,-4.4448991450e+02,-7.2699615548e+02,-9.2160037535e+02,-1.0445289179e+03,-1.8466698311e+03,-2.6418725835e+03,-4.0946339304e+03,5.3781936785e+02,8.7622256560e+03,1.6098323550e+04,2.6407759065e+04,3.1875701210e+04,3.9157636688e+04,4.2369109892e+04,4.4727413129e+04,4.7567331036e+04
2.8394702840e+02,5.8669423446e+02,3.0972733154e+02,1.9174013031e+02,1.3436391848e+02,5.1015065401e+01,-3.2749238036e+02,-6.3934592247e+02,-5.9836041613e+02,-9.2915401816e+02,-1.5874959535e+03,-3.1502607208e+03,-3.5139546338e+03,-3.4028321551e+03,4.3130740898e+03,1.1493846707e+04,1.8214462594e+04,2.6914020991e+04,3.1062817338e+04,3.8533649839e+04,4.2489072930e+04,4.4934326989e+04,4.7805410667e+04
4.7971926526e+02,6.4259119123e+02,8.0202900736e+02,5.6818081547e+02,3.5870361279e+02,1.8588955419e+02,-2.9417242265e+02,-5.8481981198e+02,-8.8528693697e+02,-1.8738069923e+03,-2.5416049693e+03,-3.8394886623e+03,-2.9254419297e+03,2.3728509937e+03,6.2515066928e+03,1.3304482864e+04,2.0632299727e+04,2.6153732855e+04,3.3290638390e+04,3.8422863078e+04,4.1996015890e+04,4.6075990158e+04,4.6606199930e+04
5.8372873024e+02,6.3853460528e+02,8.7906217577e+02,5.6265546564e+02,2.9856516319e+02,1.0419830605e+02,-4.4762327745e+02,-9.4593989106e+02,-1.2272151680e+03,-2.4327765600e+03,-3.2679856428e+03,-3.6899824876e+03,-1.5588480637e+03,4.7333923473e+03,1.0287278162e+04,1.4698605562e+04,2.1270386709e+04,2.5665599671e+04,3.2972378240e+04,3.7012625942e+04,4.1871800430e+04,4.5895150354e+04,4.6597583182e+04
8.2196223144e+02,7.1983418304e+02,1.0788979927e+03,9.9296831165e+02,5.8520099118e+02,1.0314219488e+02,-6.4536086026e+02,-9.9853562616e+02,-2.8576270032e+03,-3.1941278020e+03,-4.1066078531e+03,-1.7160757399e+03,3.2210971045e+03,7.3882460059e+03,1.1573299838e+04,1.8065627854e+04,2.2854525488e+04,2.6013402957e+04,3.2080265048e+04,3.5714966061e+04,4.0438510696e+04,4.4894152800e+04,4.5823418724e+04
8.1126123746e+02,8.4437137177e+02,1.3742873911e+03,7.9031386690e+02,-1.5709758569e+03,-2.2229531487e+03,-3.3946630303e+02,-8.8164999784e+02,2.4871627882e+03,4.1831514335e+03,1.3708686683e+04,5.7127920784e+03,6.7649305920e+03,7.4562847441e+03,1.7451488718e+04,2.6457333342e+04,2.1549927446e+04,1.3162810097e+04,1.2357535820e+04,1.6639723904e+04,2.6557936674e+04,4.2602321619e+04,4.6366161948e+04
1.2363354923e+03,7.0250276927e+02,1.1447405792e+03,9.1320743890e+02,2.4214321076e+02,-4.8097121162e+02,-1.2377063386e+03,-2.7416925744e+03,-3.5188784898e+03,-3.6084031453e+03,-2.1564251391e+03,2.0654457080e+03,6.6853655545e+03,8.8309358291e+03,1.4982174908e+04,1.9503841445e+04,2.3969331261e+04,2.8095522632e+04,3.1024769360e+04,3.4099717464e+04,3.9477687331e+04,4.4138900425e+04,4.4696303311e+04
1.2502258021e+03,7.8314490035e+02,1.1720735755e+03,1.1791516186e+03,1.9435243178e+02,-9.3349036866e+02,-1.9695424208e+03,-3.5961494581e+03,-2.5423323572e+03,-2.7627308684e+03,1.5936507735e+03,6.1967847471e+03,7.0432403648e+03,1.1312223562e+04,1.6605033100e+04,2.0484136422e+04,2.5611437254e+04,2.7352244180e+04,2.6674766350e+04,2.9800295884e+04,3.9740666007e+04,4.3058673551e+04,4.5579128320e+04
1.0222876363e+03,7.4820230825e+02,1.1439572384e+03,5.0242915248e+02,-4.3335528548e+02,-1.8187773056e+03,-2.5105511045e+03,-4.1127626732e+03,-1.9084977963e+03,-1.6809373126e+03,1.5992460645e+03,5.6716107369e+03,8.2787925164e+03,1.1497875316e+04,1.6657181212e+04,2.0300275161e+04,2.5257814865e+04,2.7108513305e+04,2.6752205177e+04,3.0193309122e+04,4.0316085730e+04,4.2922372263e+04,4.4035163730e+04
1.4700368078e+03,7.2594703842e+02,-2.9975372539e+02,-1.0344661368e+03,-1.4864869633e+03,-2.3393911537e+03,-2.4015548364e+03,-3.0975530799e+03,-3.9457432378e+03,-4.2980787100e+03,-3.8347886179e+03,-1.9245562814e+03,3.8356838644e+03,7.6257101546e+03,1.2295316185e+04,1.6213138921e+04,2.2098489773e+04,2.7198261772e+04,3.0200023471e+04,3.4218785256e+04,3.7091183827e+04,4.1740758716e+04,4.7411921830e+04
1.3045980421e+03,8.7009572199e+02,-7.6893286129e+01,-9.8979975957e+02,-1.5641915666e+03,-2.6451738052e+03,-3.0282833777e+03,-4.3653900604e+03,-4.1076150055e+03,-2.8710557015e+03,-1.4162800498e+03,2.1034936865e+03,6.8471813693e+03,9.6691104161e+03,1.3167957764e+04,1.9928635935e+04,2.2996645879e+04,2.7449602243e+04,2.9539667231e+04,3.2161956296e+04,3.6140208174e+04,4.2920357958e+04,4.5943493668e+04
1.4153848033e+03,1.0019487536e+03,-4.2991418153e+02,-1.2298659371e+03,-1.8941458750e+03,-2.8153825564e+03,-3.8446363300e+03,-4.5906564748e+03,-2.5263857779e+03,-2.1986136330e+03,-4.1449915492e+02,3.8511268675e+03,8.1151862085e+03,1.0385083848e+04,1.3890309828e+04,1.9545918033e+04,2.3341987237e+04,2.7363994291e+04,2.9238864389e+04,3.1061698280e+04,3.4991606844e+04,4.3844588120e+04,4.4968570170e+04
1.5578688878e+03,3.4637648738e+02,-3.0828304706e+01,-1.3630688327e+03,-2.9885847883e+03,-3.2737487925e+03,-4.1049292658e+03,-4.3598507223e+03,-2.4394349563e+03,-1.8129861795e+03,1.6280058601e+03,3.9868686264e+03,9.4089293861e+03,1.2192139019e+04,1.4710467578e+04,1.9611830561e+04,2.3345344412e+04,2.8299862658e+04,2.8707871276e+04,3.0387241907e+04,3.3155120443e+04,4.2818635568e+04,4.4204309376e+04
1.7642232187e+03,5.0905957227e+02,-8.2869756294e+02,-2.1287844017e+03,-3.0450692506e+03,-3.6838836205e+03,-3.9341050326e+03,-3.2353091436e+03,-1.5305358914e+03,-7.4003318344e+02,3.4311443274e+03,6.1906299271e+03,1.0727291844e+04,1.2267451636e+04,1.5560616088e+04,2.0072323007e+04,2.4192807182e+04,2.8180571055e+04,2.8645204017e+04,2.9011024140e+04,3.2706601919e+04,4.1409293679e+04,4.3684283034e+04
4.1434528441e+02,7.8754070081e+02,-1.6404973472e+03,-1.5436568487e+03,-2.5130689854e+03,-2.7199268925e+03,-2.4799448629e+03,-1.9650102351e+03,-1.6375178547e+03,-1.0812340267e+03,3.8343409946e+03,6.3452837694e+03,1.0957817832e+04,1.2178038886e+04,1.6808254068e+04,1.9814827717e+04,2.4516550717e+04,2.8621144266e+04,2.7996038359e+04,2.8400130272e+04,3.2089329419e+04,3.9537221227e+04,4.3472948894e+04
