3.7188847000e+02,6.1793988463e+02,1.0053181315e+03,1.2012635539e+03,1.6216134837e+03,1.7576400377e+03,2.1831821141e+03,2.6840799771e+03,3.4373538301e+03,5.2355698891e+03,5.0454552962e+03,6.9799030997e+03,7.1413498167e+03,8.4160860111e+03,7.8049407640e+03,5.2582393997e+04,1.1542074728e+04,1.8114831142e+04,1.3386701211e+04,3.7287945925e+04,-1.9281807663e+04,1.3806150555e+03,-6.7309149572e+04
1.0321651670e+03,1.4263546751e+03,1.4722665089e+03,1.8393196190e+03,2.2073202808e+03,2.2614758613e+03,2.7912780120e+03,3.4166366564e+03,4.4445560038e+03,5.5152272409e+03,6.5487721435e+03,6.7912498934e+03,8.5814293275e+03,9.0439917145e+03,8.9274681478e+03,1.1519489971e+04,1.2638851008e+04,1.2928248561e+04,4.9327293115e+04,1.0399696218e+04,5.1576086297e+03,-4.5555902205e+04,-4.6204776927e+04
2.0169946646e+03,2.6597297985e+03,2.6716173692e+03,2.7734115621e+03,2.8806414365e+03,3.1351170369e+03,3.6398079065e+03,4.1190874437e+03,5.4513745979e+03,6.9452877784e+03,7.1600917631e+03,8.2385045497e+03,9.1390769465e+03,9.4598942090e+03,9.4802731477e+03,1.0801723527e+04,1.6056622590e+04,7.4112130476e+03,4.7628698871e+04,1.1715378968e+04,7.6562889376e+03,-6.7379412476e+04,-3.0906362444e+04
3.8043190883e+03,4.2087159005e+03,4.5451114077e+03,4.3836924648e+03,3.7803811158e+03,3.9832969993e+03,4.5568503247e+03,5.5484924733e+03,6.7244655145e+03,7.8787013975e+03,9.5113182490e+03,9.1869654905e+03,1.0554083386e+04,1.1172860896e+04,1.0567223104e+04,1.0583038136e+04,1.1567942863e+04,1.5728532327e+04,3.2922993364e+04,1.4665157023e+04,-1.9343791681e+04,-7.7784401573e+04,-1.3901704820e+04
7.7588019005e+03,6.7594278160e+03,6.6009465470e+03,5.9305159048e+03,5.3758016174e+03,5.4656282076e+03,5.7150141180e+03,6.6302828823e+03,8.8919560476e+03,1.0920930358e+04,1.0959598823e+04,1.2234650848e+04,1.3137988980e+04,1.1948521893e+04,1.2190317370e+04,1.1320713387e+04,1.0927799584e+04,1.9160330643e+04,2.6078317200e+04,1.5079190794e+04,-4.9599957040e+04,-6.7707293156e+04,7.6716281092e+03
1.3741357994e+04,1.1859688357e+04,9.2656289290e+03,8.0239392137e+03,7.4010405815e+03,7.1603112975e+03,7.5573035958e+03,9.4098862308e+03,1.1723726559e+04,1.2626129509e+04,1.4086863197e+04,1.5241745310e+04,1.4944724364e+04,1.4181037892e+04,1.4216912807e+04,1.3030640023e+04,1.1911863772e+04,2.1550315589e+04,3.4720322113e+04,3.4843255801e+03,-5.5146071384e+04,-3.0438010464e+04,1.9559369286e+04
1.6554864257e+04,1.9985370757e+04,1.3919054845e+04,1.0712583842e+04,8.9800086254e+03,9.3262383708e+03,9.8267188264e+03,1.1583927475e+04,1.4332508792e+04,1.7074727013e+04,1.8029836279e+04,1.7965667853e+04,1.7748361273e+04,1.7995448685e+04,1.5278783397e+04,1.4950068492e+04,1.3604661143e+04,2.5675603861e+04,4.7957178837e+04,3.5616834126e+03,-4.3429036796e+04,-1.1608636302e+04,2.3755807854e+04
1.8732701145e+04,2.9198441223e+04,2.1492675398e+04,1.4690429148e+04,1.1681540294e+04,1.2210090924e+04,1.3264828597e+04,1.6205058433e+04,1.8848445870e+04,2.0232633405e+04,2.2034600152e+04,2.2044060976e+04,2.1205502192e+04,1.9828824018e+04,1.5519616474e+04,1.6471019412e+04,1.5770262655e+04,3.9544902523e+04,7.1585867206e+04,2.1623662473e+04,-3.8692937375e+04,2.8450961738e+02,2.6375407827e+04
1.8819303103e+04,3.0436213662e+04,3.0018714969e+04,2.0290582317e+04,1.4529366998e+04,1.5047605190e+04,1.6427796843e+04,2.0153451971e+04,2.2082377518e+04,2.4856517458e+04,2.6028250685e+04,2.5315105138e+04,2.4275601700e+04,2.1429661582e+04,1.5646104473e+04,1.8252074349e+04,2.0054149029e+04,3.0842018511e+04,6.8457504589e+04,3.3294660972e+04,-4.2353601696e+04,6.4269029087e+03,2.9704648546e+04
3.6000281946e+04,2.2660794719e+04,3.4147679035e+04,2.9561371523e+04,1.8956067637e+04,1.8349319614e+04,2.1316855553e+04,2.3140903867e+04,2.6695416492e+04,2.8162374188e+04,2.9721421169e+04,3.0035380222e+04,2.6605549446e+04,2.1900210987e+04,1.7714476134e+04,1.9184486922e+04,2.3860323135e+04,3.1561456054e+04,6.5422420174e+04,1.2275454746e+05,-3.7572129663e+04,8.0982844737e+03,2.6139850149e+04
7.1954775409e+03,4.2113993310e+04,4.2878652187e+04,3.1756463682e+04,2.4262900827e+04,2.1071462781e+04,2.3377374326e+04,2.6468591850e+04,2.9341191811e+04,3.0858435690e+04,3.1276840971e+04,2.9343319105e+04,2.7858027425e+04,2.1124404106e+04,2.1091376790e+04,3.7642537141e+04,9.1585503993e+04,1.2751356015e+05,4.7675245474e+04,-1.9966948083e+04,3.1876736078e+03,1.7988939156e+04,3.3967431675e+04
4.7727174970e+04,4.8515611383e+04,4.1185148042e+04,3.6450900333e+04,2.9814569993e+04,2.6477723041e+04,2.7621319530e+04,2.9875840710e+04,3.2019929597e+04,3.3833055772e+04,3.4741527913e+04,3.1117856858e+04,3.1124872426e+04,3.3757116441e+04,6.2829356776e+04,1.0204839679e+05,1.1699805933e+05,1.1716542948e+05,1.6796212443e+04,-6.6006329102e+03,7.0258166756e+03,1.6816327891e+04,3.7402220900e+04
5.1881264891e+04,5.3775886980e+04,4.5990488315e+04,4.3857200419e+04,3.7012824195e+04,3.2705970071e+04,3.2949049398e+04,3.5444406769e+04,3.7317356977e+04,4.1340666068e+04,4.1555037125e+04,4.1336883159e+04,4.3104327917e+04,5.8615914152e+04,1.0149950377e+05,1.0099735922e+05,1.2089204159e+05,1.0142724115e+05,1.2242098613e+04,-9.7422348071e+03,9.1008170137e+03,1.8980509629e+04,3.5992726134e+04
5.5027825090e+04,5.3912119164e+04,5.0721441499e+04,5.0611140278e+04,4.3126088136e+04,3.9173339145e+04,3.8697891977e+04,4.1262626869e+04,4.4283344848e+04,5.0683166916e+04,4.5145772763e+04,6.5467921973e+04,7.8717089657e+04,1.2723807400e+05,1.3924145596e+05,9.0813766078e+04,1.2187044285e+05,7.0037164608e+04,1.6388243774e+04,-9.0709009985e+03,1.1216494220e+04,2.2504505658e+04,3.8561374383e+04
6.0790485314e+04,5.1693494413e+04,5.5421420325e+04,5.4775967383e+04,4.8561429716e+04,4.4652156704e+04,4.4970160485e+04,4.7887336879e+04,5.3033123265e+04,5.5897107092e+04,7.4393610182e+04,9.9478545070e+04,1.5080193329e+05,1.6437013409e+05,9.5323043408e+04,7.4815782649e+04,1.1941929201e+05,5.7363798833e+04,1.7287256706e+04,-3.4646910286e+03,6.7792344660e+03,2.1912872361e+04,3.5381957906e+04
6.7401396292e+04,5.8482761427e+04,6.2878637517e+04,6.3518463717e+04,5.7175126713e+04,5.2982181102e+04,5.5754604229e+04,5.8616905280e+04,6.8330898456e+04,6.3099888036e+04,1.1050555569e+05,1.3596868557e+05,1.8805794620e+05,1.5091606675e+05,9.2581400885e+04,8.4378682500e+04,1.0694087411e+05,4.5139912088e+04,2.0159535734e+04,9.3826217110e+02,7.0899511797e+03,2.4535624139e+04,3.3470031600e+04
7.0493524761e+04,6.4813037243e+04,6.4033789400e+04,6.3694997520e+04,5.9851323027e+04,5.8191617513e+04,6.3853416578e+04,6.5758411273e+04,6.8506147740e+04,1.2044967359e+05,1.5145999540e+05,1.9305825492e+05,1.7669815654e+05,8.2432867507e+04,6.4059375471e+04,9.7483386893e+04,8.2871243035e+04,5.1587128664e+04,1.7015491690e+04,-7.5835607219e+02,-3.6100966627e+03,2.3543984281e+04,2.8824477997e+04
8.0186412084e+04,7.4509167613e+04,7.2170055457e+04,7.3244414354e+04,6.9302916854e+04,6.9773406232e+04,7.4691591946e+04,8.0897703603e+04,7.7230692372e+04,1.6027891461e+05,2.0913982505e+05,2.2568777084e+05,1.4498393354e+05,7.3918827729e+04,6.5302770990e+04,9.4804636896e+04,7.6910577061e+04,5.0311498164e+04,2.1452890313e+04,1.2597146557e+04,-1.9078394873e+03,2.6933786483e+04,2.8958044499e+04
8.4651830714e+04,7.9811818565e+04,7.6858481146e+04,6.8240558773e+04,7.0099414490e+04,7.7454183337e+04,8.9361012168e+04,8.4186002178e+04,1.8407568470e+05,2.2894601352e+05,2.2031122943e+05,1.5420808776e+05,7.2629851811e+04,5.0883451319e+04,6.9333900160e+04,8.0341737514e+04,7.5067095115e+04,5.6696103737e+04,3.5005842441e+04,1.2251000453e+04,1.5233893953e+04,3.4127671114e+04,3.6759987497e+04
1.1486070689e+05,7.4583467299e+04,3.6672650100e+04,7.0882676921e+04,1.2051830639e+05,2.2903685554e+05,2.0000226507e+05,1.5355464293e+05,1.3382189729e+05,8.5258707375e+04,1.7057901006e+05,6.7845620901e+04,4.5066349732e+04,1.8626684131e+04,1.0174177287e+05,7.6347339426e+04,7.2746397626e+04,-3.4642603867e+04,-1.3283730581e+03,4.6468487880e+04,9.7856979625e+04,1.7146043414e+04,6.2775657322e+04
8.9979572828e+04,9.1473969060e+04,9.4800405533e+04,8.7013595331e+04,9.7735224303e+04,1.1320118816e+05,1.1148704079e+05,2.3378628368e+05,2.4972732276e+05,2.8595198453e+05,2.3464688461e+05,9.3564813242e+04,5.2109107667e+04,6.0606668673e+04,8.6322640856e+04,9.5519443494e+04,8.1858535596e+04,6.8950437644e+04,5.1321253827e+04,3.1274530661e+04,2.3597871634e+04,3.7126070321e+04,4.3037213591e+04
7.9708672366e+04,1.0214886681e+05,1.0091978299e+05,7.9099114273e+04,1.0223717619e+05,1.1731080944e+05,2.7072413223e+05,2.7926737026e+05,3.0913109688e+05,2.1652293483e+05,1.1090200955e+05,8.9504649067e+04,6.6487165164e+04,7.5028192249e+04,8.9881424736e+04,1.0157749053e+05,8.2503830545e+04,7.7890374166e+04,5.5341179377e+04,5.0970152562e+04,2.0007639804e+04,3.8909987950e+04,5.0921452944e+04
9.3494917771e+04,1.4274984298e+05,1.0899041337e+05,1.2010618553e+05,1.3860033104e+05,1.4854084680e+05,3.1185233805e+05,3.0178411178e+05,3.1599464570e+05,2.3001735300e+05,1.1805165720e+05,1.0681469365e+05,8.1995890806e+04,8.5434628307e+04,9.2924658981e+04,1.1383503004e+05,9.8330164887e+04,1.0215583776e+05,8.0059748454e+04,6.2190459402e+04,3.3601343615e+04,4.0572202419e+04,5.8703790906e+04
8.8373245559e+04,1.4586293260e+05,1.2453868614e+05,1.4211224460e+05,1.4712863303e+05,1.4499879968e+05,2.1898264263e+05,3.3580317847e+05,3.1406016223e+05,3.4405001137e+05,2.8880329017e+05,2.8021464935e+05,1.1355556890e+05,6.0502631147e+04,6.7814153803e+04,9.9241041655e+04,1.1185334814e+05,1.1693360999e+05,1.0434717057e+05,9.3157981488e+04,6.4638241683e+04,4.5216163392e+04,2.3888990512e+04
1.2940717631e+05,1.8987807670e+05,1.6648929528e+05,1.5491839519e+05,1.0322150367e+05,1.1394287193e+05,3.5822287641e+05,3.5534518292e+05,3.4981843324e+05,3.1136979835e+05,2.8086843820e+05,1.3375676062e+05,1.0186668642e+05,7.8962370063e+04,9.6229064752e+04,1.2198586680e+05,1.3882193012e+05,1.2316374111e+05,1.2394705271e+05,9.3847207287e+04,7.9578951234e+04,3.5269444504e+04,3.7766456123e+04
1.3834648136e+05,2.0185479496e+05,1.4018384788e+05,1.3365083823e+05,9.6284569893e+04,3.3954261320e+05,3.8421010809e+05,3.2872442478e+05,3.6651477860e+05,2.8106023391e+05,2.9162726600e+05,1.2929803966e+05,1.1538639617e+05,1.0121123560e+05,1.1509964568e+05,1.3401146303e+05,1.4272761313e+05,1.3518313400e+05,1.3260214927e+05,1.1330631611e+05,8.4030986907e+04,4.3554102565e+04,4.1747550709e+04
1.9101885113e+05,1.1058276747e+05,1.7526776224e+05,1.0109898455e+05,1.7580663119e+05,3.7235484371e+05,3.4188058292e+05,2.4715873321e+05,3.4922093312e+05,2.6678864857e+05,2.3716401008e+05,1.4549089183e+05,1.3644070114e+05,1.2098103697e+05,1.2901625257e+05,1.5879595158e+05,1.6924187755e+05,1.6131696698e+05,1.4992024858e+05,1.3448046013e+05,1.1007528498e+05,3.1692544849e+04,4.9150800836e+04
2.5140496807e+05,1.6885088663e+05,1.6857180899e+05,1.9072555232e+05,2.8488446164e+05,2.8796428484e+05,1.9857925495e+05,2.5097889099e+05,2.9330916540e+05,2.6560172861e+05,2.0740630983e+05,1.6799302984e+05,1.5661826616e+05,1.3641139783e+05,1.2547678655e+05,1.7885461474e+05,1.8644688147e+05,1.7825805792e+05,1.7222484125e+05,1.3175535445e+05,1.1906050435e+05,4.6080175491e+04,5.4636492128e+04
1.8821560081e+05,3.1718893511e+05,1.7764405829e+05,2.7446673541e+05,2.0317637533e+05,1.4837576283e+05,1.9001013102e+05,2.9920077465e+05,2.7233455920e+05,2.7840601770e+05,2.1139839161e+05,2.1304974313e+05,1.6974547702e+05,1.5811868645e+05,1.4650551376e+05,1.9911536241e+05,2.1738421072e+05,1.9621840531e+05,1.9385885188e+05,1.4225352929e+05,1.2711959923e+05,6.6361678119e+04,6.6175118063e+04
