2.6915429014e+02,3.3372556774e+02,4.1076407459e+02,4.4871562873e+02,5.1605007791e+02,5.4982215060e+02,6.3666848204e+02,7.1551662756e+02,7.6713315170e+02,8.3198298756e+02,8.3507680729e+02,7.9028258360e+02,7.1240107996e+02,6.5760386421e+02,5.2859453529e+02,2.7368643593e+02,9.3381385479e+01,-4.8056720050e+02,-1.7360603354e+02,-3.2671423163e+02,-5.0124935378e+02,-3.0787599136e+02,-3.0344493887e+02
2.5149339506e+03,4.7731909882e+02,4.6025848279e+02,4.9650440568e+02,5.3766938755e+02,5.6586846361e+02,6.4210817521e+02,7.1334511571e+02,7.7450467559e+02,7.9813351954e+02,8.0620568799e+02,7.5872921162e+02,7.0362962926e+02,6.0343376009e+02,5.7781966789e+02,4.9625232606e+02,1.9341274108e+02,1.3266409486e+01,-4.6925036803e+01,-3.8528365754e+02,-2.5093476568e+02,-4.8741728904e+02,-1.6738088265e+02
4.5638882194e+04,9.0985070411e+02,6.2921335846e+02,6.0473447475e+02,5.8336072845e+02,5.9125333510e+02,6.5800749696e+02,7.0075017175e+02,7.7698689278e+02,8.1767780331e+02,7.8958594257e+02,7.6425940036e+02,6.8106979078e+02,6.2385509634e+02,5.7911199808e+02,4.6648336948e+02,1.2156309684e+02,-5.4296800060e+01,-3.9446329191e+01,-3.9858720659e+02,-3.3398042300e+02,-5.1821798541e+02,-2.0683038569e+02
8.4657977865e+04,4.9666433456e+04,8.8700567502e+02,7.8700827863e+02,6.5373499661e+02,6.6451302043e+02,6.8592126379e+02,7.4408142913e+02,8.2356960168e+02,8.0736025642e+02,8.3476856008e+02,7.6479257681e+02,7.2494180356e+02,6.4675949486e+02,5.5760824786e+02,4.6559718176e+02,2.7018887470e+02,-6.4278797986e+01,-9.0553296725e+00,6.9975225032e+01,-4.2257324871e+02,-6.5867563394e+02,1.4151636969e+02
8.0994383468e+04,1.2615842181e+05,3.5120287409e+04,9.6430864182e+02,8.2651334898e+02,7.6522974868e+02,7.4815137113e+02,7.5283933171e+02,8.8763719932e+02,9.0932102351e+02,8.8058004958e+02,8.5190131364e+02,7.6294692705e+02,6.6844592145e+02,5.7612654197e+02,4.7919838922e+02,3.4990001032e+02,-1.4997594997e+01,-3.3256668994e+02,-2.8015132663e+02,-8.3600026319e+02,-1.4454841369e+02,5.2631906750e+02
3.1070043908e+04,1.2124133293e+05,9.6341459109e+04,1.6827014338e+03,1.0076969235e+03,9.2893668257e+02,8.6147276458e+02,9.4076900028e+02,1.0037046271e+03,1.0187795007e+03,1.0247171985e+03,9.6391959112e+02,8.6266880647e+02,7.6580052794e+02,6.4643767598e+02,5.1769032356e+02,4.2023802912e+02,-1.1104831661e+01,-2.7776770877e+02,-1.2299027094e+02,-6.6489970877e+02,3.1214402407e+02,8.9695877894e+02
6.0273960464e+03,6.9623008460e+04,1.3622600817e+05,3.6305114602e+04,1.1701566452e+03,1.1334352092e+03,1.0286335910e+03,1.0842487759e+03,1.1919360818e+03,1.2545219856e+03,1.1981738266e+03,1.1292442254e+03,9.9956048732e+02,8.8597156488e+02,7.2806877273e+02,5.6516992443e+02,4.8086270161e+02,3.4411024068e+02,2.6200642537e+02,-8.6776557403e+01,7.4499500080e+01,1.0552846537e+03,1.0436033003e+03
2.3961923510e+03,2.5005127759e+04,1.3086485294e+05,9.2098857279e+04,1.4177570583e+03,1.3562733328e+03,1.2901051464e+03,1.3761170168e+03,1.4472268550e+03,1.4068923675e+03,1.3696288972e+03,1.2895923144e+03,1.1233191584e+03,9.7440189464e+02,7.8153990293e+02,6.2543605492e+02,5.1323377187e+02,6.1847657125e+02,7.8328473742e+02,1.5505556695e+03,7.9070390813e+02,1.4825809401e+03,1.1929124858e+03
1.3717379038e+03,1.4453054090e+04,1.0938410013e+05,1.6326631627e+05,1.3884477924e+04,1.5223029188e+03,1.4903198497e+03,1.5541684776e+03,1.5413353195e+03,1.5787329417e+03,1.4090816514e+03,1.1755913984e+03,1.0989916194e+03,1.0703215716e+03,8.5931869047e+02,7.1382776730e+02,5.9877195729e+02,6.9591385828e+02,1.0312072003e+03,2.1542872808e+03,1.3151797379e+03,1.6099122502e+03,1.3439671347e+03
3.7828888912e+03,3.9661656467e+03,6.7255042394e+04,1.4289794079e+05,4.8246051401e+04,1.5311260377e+03,1.6646710332e+03,1.4793662716e+03,1.6294809347e+03,1.4374283665e+03,1.3942929777e+03,9.8542166478e+02,1.0880473537e+03,8.9956583187e+02,8.7434468684e+02,6.2541525422e+02,5.0043635033e+02,6.4883675900e+02,2.5505403323e+03,3.9414122063e+03,1.3167995700e+03,1.8651678362e+03,1.6325463185e+03
1.0028627525e+03,5.2500715776e+03,4.6837378500e+04,2.3309499312e+05,1.8314315791e+05,2.2753617993e+04,1.9157296932e+03,1.9902680117e+03,1.6884532035e+03,1.9349683767e+03,1.4638939136e+03,1.2047523732e+03,1.1505767566e+03,9.0431620177e+02,3.9649863579e+02,4.5268839711e+02,4.8209696750e+03,4.2408163445e+03,3.0438115929e+03,1.9906480775e+03,2.2756204228e+03,1.9493446448e+03,1.8447707547e+03
5.3769024018e+03,4.8329666778e+03,3.2670046670e+04,1.8482853533e+05,2.8179659675e+05,1.6636520473e+05,5.3980586950e+03,2.1898832074e+03,1.8683334485e+03,1.9539218819e+03,1.4543737274e+03,1.4862160605e+03,1.5813405360e+03,1.3427718501e+03,1.9148631438e+03,5.9650872265e+03,4.8020697625e+03,4.3552766765e+03,2.7829920168e+03,1.9466782317e+03,2.4792850036e+03,2.1161649695e+03,1.7496707313e+03
5.3848224538e+03,5.0724447815e+03,8.9958361408e+03,1.5216747044e+05,2.8109235256e+05,2.4888997777e+05,5.9625307662e+04,2.3517314642e+03,2.3378146834e+03,1.6789698038e+03,1.7813963079e+03,1.5888029159e+03,2.6176495681e+03,2.0663809934e+03,4.5983430167e+03,4.8527973883e+03,5.1846976567e+03,5.2743022011e+03,2.8900653049e+03,2.3125735759e+03,2.6413791632e+03,2.4375854187e+03,1.8909856607e+03
5.2459352008e+03,4.6984718894e+03,4.2825161736e+03,6.9150269253e+04,2.6671953247e+05,3.3280827942e+05,1.6751029972e+05,2.0726158061e+04,2.1747485380e+03,2.5754768371e+03,1.6487839646e+03,3.3889922358e+03,4.2059623013e+03,5.8087041317e+03,7.7187713282e+03,4.9203745380e+03,6.1675589268e+03,4.2195091493e+03,2.7496436940e+03,2.5292255279e+03,2.5452361241e+03,2.6338173814e+03,2.0239410327e+03
5.1083937711e+03,4.0540333294e+03,4.4657337479e+03,3.4987819250e+04,2.2321753898e+05,3.7115556471e+05,2.8180949447e+05,9.2998296915e+04,7.9736540605e+03,2.0847742923e+03,3.4712038683e+03,5.7929659773e+03,8.2466843287e+03,9.0000376841e+03,5.7545528321e+03,7.1504865627e+03,6.1142553254e+03,3.5650592613e+03,2.9765813375e+03,2.5192025215e+03,2.5261327896e+03,2.6210017314e+03,1.9980903401e+03
5.8501958964e+03,4.3898913822e+03,4.8137192449e+03,1.0655006618e+04,1.5685971193e+05,3.5997623228e+05,3.2526184023e+05,1.8082739491e+05,7.0111502765e+04,3.6324149744e+03,6.5352165370e+03,7.5899221142e+03,9.1774587041e+03,1.0429615083e+04,6.7733523831e+03,6.0313722682e+03,5.2381403081e+03,3.2201666814e+03,3.1718352334e+03,2.8897943841e+03,2.5372802887e+03,2.5562557557e+03,2.3161550621e+03
5.9900939979e+03,4.6516368739e+03,4.5016747711e+03,4.2815257751e+03,9.7887556704e+04,3.3949698279e+05,3.6846796605e+05,3.0358375600e+05,1.2960658014e+05,2.3026417632e+04,8.0138644522e+03,1.0335426323e+04,1.2117656392e+04,6.9189471867e+03,6.7346574091e+03,5.9073003412e+03,5.0889697100e+03,3.4091495671e+03,3.1126904991e+03,2.6666375143e+03,2.4654038768e+03,2.4337711302e+03,2.4195703633e+03
4.9332647000e+03,5.2664898014e+03,4.8617291948e+03,4.7235907819e+03,4.7148169779e+04,2.7791335773e+05,3.5888629983e+05,3.8941275245e+05,2.4048778292e+05,9.7542851036e+04,2.2463330379e+04,1.3037284293e+04,9.1772871790e+03,7.9175077042e+03,6.0409137639e+03,6.5345313966e+03,4.5685488507e+03,3.4245458770e+03,3.4961515485e+03,2.7155839529e+03,2.4815917185e+03,2.7903941331e+03,2.5808319048e+03
5.6899364361e+03,5.3641328740e+03,4.8970606894e+03,4.1687151805e+03,1.6887105524e+04,2.1335997751e+05,3.7297276120e+05,2.9914810384e+05,1.1523112243e+05,1.1342775439e+05,-2.7790889788e+04,1.0676318837e+04,8.9703959230e+03,6.2757858112e+03,6.2851088835e+03,5.5430332354e+03,4.2850925139e+03,3.9995416892e+03,3.4966207151e+03,2.9501059135e+03,2.7922316099e+03,2.9024759396e+03,3.1756097508e+03
7.8123473555e+03,4.6397293771e+03,1.9848599593e+03,3.8057869006e+03,2.6128737146e+04,9.6818465657e+04,-2.7396013679e+04,-1.2651036830e+05,-8.8733640075e+04,-3.5880041321e+04,4.3008241430e+05,7.6819309050e+03,7.7812372757e+03,6.3073239463e+03,7.0637461982e+03,5.3449012421e+03,4.9850409976e+03,4.7821890007e+03,5.6771786368e+03,5.7901913157e+03,5.8394865530e+03,3.7321319716e+03,4.3220125362e+03
5.9796177999e+03,5.1199057895e+03,5.5180500494e+03,4.9208658174e+03,5.2965169556e+03,1.4380198648e+05,2.1227551883e+05,1.5179344591e+05,1.5428824188e+05,-5.4598296836e+04,-1.2450665261e+05,-6.4048241250e+03,6.7868693473e+03,6.7987879278e+03,6.4401642530e+03,5.4800988975e+03,5.3848207099e+03,4.5874774501e+03,3.6339461121e+03,3.7309836445e+03,3.5653120933e+03,3.2929343887e+03,3.7845246892e+03
5.3183964004e+03,5.9685018991e+03,5.7250814462e+03,4.3524018641e+03,5.5011540833e+03,9.2277854542e+04,2.0208889201e+05,1.3709724133e+05,6.2757881526e+04,-1.8291250430e+05,-1.8013046227e+05,-2.3683500679e+04,7.2941627250e+03,8.4090168357e+03,5.2619611837e+03,5.8779077426e+03,5.3255190155e+03,4.3679494823e+03,4.3935389903e+03,3.6255823097e+03,3.3655690125e+03,3.6267907941e+03,3.9532995282e+03
4.6619661333e+03,9.0098611453e+03,5.7038878558e+03,6.2418348439e+03,7.1096290876e+03,3.2385697250e+04,1.3410227042e+05,9.4441658422e+04,8.3074368814e+04,-1.0347535855e+05,-2.5480728131e+05,-9.9090771360e+04,-1.2537445358e+04,8.6174065136e+03,5.5740731012e+03,6.3920729852e+03,5.3279015956e+03,5.1110950823e+03,4.3073320583e+03,3.5934444397e+03,3.8356851096e+03,3.6294572774e+03,4.0273605350e+03
5.0319917736e+03,6.8213792460e+03,6.6575182214e+03,8.4789427501e+03,6.9058929346e+03,1.2385316142e+04,8.7411180328e+04,1.5486494505e+05,9.4528465597e+04,-2.4445607707e+04,-4.5270638990e+04,-2.0669278841e+05,-4.3463855123e+04,6.4518464641e+03,7.5414191924e+03,7.2364828055e+03,6.7639397512e+03,6.1523884892e+03,5.9965713796e+03,4.4627977947e+03,3.7928076173e+03,3.7186846451e+03,2.6294423761e+03
7.2324046898e+03,8.8525502714e+03,9.3390231398e+03,8.4355051362e+03,4.7651099120e+03,6.0687565030e+03,5.5830213034e+04,8.8874918068e+04,4.7864787031e+03,-1.5787022095e+04,-1.6824453969e+05,-2.6440420456e+05,-1.1002644808e+05,-3.9674614425e+04,7.5446723384e+03,7.1962259657e+03,7.1460963325e+03,6.5060111405e+03,5.0093819456e+03,4.2060338905e+03,4.4228903532e+03,3.4138566512e+03,2.8337424047e+03
5.5159568981e+03,1.0669188352e+04,6.9646736954e+03,6.0458512399e+03,2.3719041261e+03,1.7749776121e+04,3.4246823081e+04,6.5103498513e+04,1.0626949412e+05,6.2059226030e+03,-1.9356834583e+05,-1.5237068689e+05,-1.6174120715e+05,-1.3433437756e+05,7.4361775805e+03,7.6515038336e+03,7.3432509587e+03,6.9355147506e+03,5.2387253699e+03,4.4801522775e+03,5.0073673016e+03,3.6418724146e+03,2.9933882699e+03
9.2631646005e+03,3.7376105602e+03,6.7285282131e+03,3.7071760113e+03,8.1779387356e+03,2.0233276517e+04,2.1840983093e+04,4.0645303068e+04,8.7516316201e+04,-3.1004573135e+04,-2.2892671618e+05,-1.8758575000e+05,-1.9923023467e+05,-1.5679007542e+05,-3.1944147211e+04,-1.2819737164e+04,7.6322695990e+03,7.6064709515e+03,5.6621666472e+03,4.7808474765e+03,5.4571694256e+03,3.5155864195e+03,2.9664100943e+03
1.3317928654e+04,7.7580947662e+03,7.0215292264e+03,5.4848016199e+03,1.3002335285e+04,1.6587257190e+04,8.6070833210e+03,3.7978929720e+04,7.6416187460e+04,1.4635484198e+05,-1.1252203586e+05,-1.3030793643e+05,-1.9564594500e+05,-2.1638822164e+05,-1.5128721216e+05,-7.8894935939e+04,6.7366345704e+03,7.9249742116e+03,6.0518274927e+03,4.9297744939e+03,5.5468117406e+03,3.7631499217e+03,3.0454305923e+03
7.8432802474e+03,1.6184462057e+04,4.0551870612e+03,1.2624882364e+04,1.2154398669e+04,4.9261577673e+03,8.7973880916e+03,2.3002189718e+04,5.3782979587e+04,9.4744570961e+04,-1.6026092321e+05,-2.2979408376e+05,-2.3796380228e+05,-3.2110766784e+05,-2.9991367502e+05,-2.0515627233e+05,-1.3308480666e+04,6.0069864956e+03,6.7108214889e+03,5.3701243741e+03,5.6751484051e+03,3.8440682412e+03,3.1911678031e+03
