-1.8677976498e+04,-1.9225419766e+04,-1.6574594717e+04,-1.1743844307e+04,-4.3168788877e+03,-5.6221483647e+02,6.7465780377e+03,4.6305732805e+04,1.8639033273e+04,3.2404344301e+04,6.4887470299e+04,5.3872356687e+04,6.1141758713e+04,1.2929508844e+05,1.0334726230e+05,3.9380821654e+05,1.8981017457e+05,3.6227763288e+05,1.2670603541e+05,4.6058644756e+04,-2.6579870215e+04,6.0635049163e+04,8.7539893877e+04
-3.1309905387e+04,-3.0349753457e+04,-2.9169818498e+04,-2.0212876716e+04,-8.6265958029e+03,-1.1201324895e+04,-8.0214091318e+02,9.5469092614e+03,1.1856645373e+04,2.5177914110e+04,2.4816234502e+04,3.3331819732e+04,3.7571707416e+04,7.5107604969e+04,5.4287751089e+04,2.3214101267e+05,1.7179423290e+05,1.6160632710e+05,9.1823648642e+04,1.5756339366e+02,-2.2721357563e+04,7.6047613852e+04,1.1474912242e+05
-4.1981691945e+04,-3.8312076317e+04,-3.7093645755e+04,-2.4932616554e+04,-1.6952388763e+04,-1.2325754568e+04,-5.1960110046e+03,2.4565565466e+03,1.1176257991e+04,1.7217381744e+04,2.4787586612e+04,2.9822453237e+04,3.9992454100e+04,4.9138292905e+04,5.9917061426e+04,1.0794524860e+05,1.2872213065e+05,4.3380067064e+04,7.6328721270e+04,2.5951407133e+04,1.0180743822e+04,1.1460767346e+05,1.5662069904e+05
-5.1994129415e+04,-4.4998672835e+04,-4.1800852141e+04,-3.1723956919e+04,-2.5741919439e+04,-1.6972084188e+04,-8.1539056220e+03,-4.2363066978e+03,4.3007644497e+03,1.4467184327e+04,2.2660480797e+04,3.0538650481e+04,4.3344257202e+04,4.9095321070e+04,6.3018195492e+04,7.3460351308e+04,7.1956337096e+04,1.8907607239e+04,9.0344701333e+04,-1.5061628039e+04,6.4647544222e+04,1.4314634314e+05,2.0898546053e+05
-5.6165530737e+04,-5.5952014434e+04,-4.4106112020e+04,-3.5537707243e+04,-2.8655051729e+04,-1.7693652911e+04,-1.6934483832e+04,-1.0431412858e+04,2.4995283813e+03,1.4621166735e+04,2.1851177912e+04,3.3324657759e+04,4.3895729080e+04,4.9790032397e+04,6.3891956130e+04,6.4142625165e+04,7.1483646915e+04,1.2995398991e+04,1.1738114729e+05,1.9813596753e+04,1.2250911956e+05,1.8015225473e+05,2.6353730935e+05
-7.1283559310e+04,-6.7037852523e+04,-5.3220617195e+04,-3.8857281468e+04,-3.0590574781e+04,-1.7976550822e+04,-1.7206638785e+04,-1.0735796686e+04,4.9023701346e+03,1.0051828318e+04,2.2273734286e+04,3.3424925373e+04,4.4325447426e+04,5.4273427144e+04,6.3361970169e+04,6.9592886191e+04,7.2901717458e+04,9.3678599504e+03,1.0237323405e+05,5.6056758281e+04,1.9254962903e+05,2.1278578215e+05,3.0925441754e+05
-1.0271521823e+05,-8.6950821644e+04,-6.0996728771e+04,-4.4610135830e+04,-3.0909282554e+04,-1.9317630162e+04,-1.9835082670e+04,-1.1394698151e+04,1.3965846256e+03,1.2200420050e+04,2.0762558101e+04,3.4800024082e+04,4.5306637650e+04,5.5935004750e+04,6.4013709661e+04,7.8466570043e+04,6.8583048077e+04,1.7260353578e+04,1.1796126706e+05,8.2233767546e+04,2.5967163473e+05,2.6008881962e+05,3.5450420704e+05
-1.1992812374e+05,-1.1419586005e+05,-7.3762049397e+04,-5.7005719629e+04,-3.5371191384e+04,-2.1580813452e+04,-1.5462698496e+04,-1.0127029029e+04,5.9802469867e+02,9.8190642141e+03,2.0053522830e+04,3.3632622574e+04,4.7018349063e+04,5.6966328781e+04,5.8821279643e+04,7.5644752902e+04,6.5976090109e+04,4.8114130846e+04,1.1843753823e+05,1.2674542625e+05,2.9961753601e+05,2.9788433868e+05,4.0055389933e+05
-6.9546333370e+04,-1.2077502698e+05,-8.7160309338e+04,-6.3755878653e+04,-4.1908281728e+04,-2.8461678473e+04,-1.8585318480e+04,-1.0048247332e+04,-3.1118770248e+03,1.7761691649e+03,1.2977494060e+04,2.6886044537e+04,4.3201017753e+04,5.0491905696e+04,4.5020158752e+04,6.7952794502e+04,6.9822069309e+04,4.7340637823e+03,5.5347723010e+04,1.7546474377e+05,3.2439796064e+05,3.3892781223e+05,4.1885631990e+05
8.7698352517e+03,-1.3121628755e+05,-1.1086196188e+05,-9.0412740072e+04,-5.1979805470e+04,-3.9252980446e+04,-2.7448259373e+04,-1.4904064646e+04,-1.3625652566e+04,-1.9824339712e+04,1.5971198539e+03,1.8384783251e+04,3.1176066028e+04,3.0381087087e+04,3.4370305735e+04,5.8269807765e+04,5.9924223398e+04,1.5562966110e+04,1.4051789926e+04,1.3571937772e+05,3.5221148061e+05,3.9251548051e+05,4.2137643895e+05
-1.6282744340e+05,-1.7751843937e+05,-1.1454321571e+05,-8.4985755456e+04,-7.6214129711e+04,-6.0038814957e+04,-5.1874166377e+04,-4.1969158493e+04,-3.2970140124e+04,-2.2767910384e+04,-1.5183381571e+04,1.5756339366e+03,1.5419726662e+04,8.1145147735e+03,2.9070446131e+04,1.8334649444e+03,1.1502127737e+04,1.3896375124e+05,2.1740525438e+05,3.7228290837e+05,4.0619842886e+05,4.2829132334e+05,5.4858179812e+05
-1.9072690704e+05,-1.5356343205e+05,-1.4046060348e+05,-1.1807406813e+05,-1.0498019201e+05,-8.6054679842e+04,-6.8640343857e+04,-5.8115825357e+04,-4.9188426712e+04,-3.9655841395e+04,-2.8612079894e+04,-8.2577542223e+03,6.2810498291e+03,-1.0377698064e+04,4.7483877271e+03,5.7582258411e+03,1.1096043900e+05,2.3211952675e+05,3.3895108864e+05,3.9960941421e+05,4.3043812458e+05,4.6514683351e+05,6.0531077466e+05
-2.1491288797e+05,-1.7558470681e+05,-1.6008619845e+05,-1.2180545577e+05,-1.1760316844e+05,-9.9350881676e+04,-8.1388654798e+04,-7.1795192716e+04,-6.0955547430e+04,-5.3270751002e+04,-3.8273580715e+04,-2.0368649617e+04,-7.9426274350e+03,-2.6778614950e+04,-5.7868737308e+03,2.8898558792e+04,1.2619395438e+05,2.6320964911e+05,3.7273769362e+05,4.3463862141e+05,4.6214059558e+05,5.0614375425e+05,6.3067971200e+05
-2.3745340573e+05,-1.8821842619e+05,-1.7471631765e+05,-1.5006480852e+05,-1.3165495836e+05,-1.1848767203e+05,-1.0111272690e+05,-8.7780715200e+04,-7.7334978398e+04,-6.5037871720e+04,-5.1766736790e+04,-2.3734776663e+04,-5.0857166290e+04,1.4682043500e+03,4.4977186918e+03,7.7227548811e+04,1.7662856429e+05,3.3321792970e+05,4.0222353415e+05,4.5447728507e+05,4.8741519632e+05,5.2160645274e+05,6.4334745076e+05
-2.5416049693e+05,-2.0481808781e+05,-1.8842791389e+05,-1.6485428160e+05,-1.4713556179e+05,-1.3563343405e+05,-1.1855929176e+05,-1.0448959690e+05,-9.1401092268e+04,-7.6941069914e+04,-5.5304751175e+04,-4.4841109441e+04,-1.7539670503e+04,-1.9580832649e+04,4.6072968701e+04,1.4581059689e+05,2.5640577529e+05,3.8203393385e+05,4.4091967124e+05,4.9010809796e+05,5.1416874436e+05,5.5161511726e+05,6.2510232597e+05
-2.7031074478e+05,-2.2550902619e+05,-2.0969539104e+05,-1.8184964220e+05,-1.6039595376e+05,-1.4476136793e+05,-1.3338099372e+05,-1.2146705257e+05,-8.4962479046e+04,-7.4849773961e+04,-6.9370865046e+04,-7.2930365348e+04,-3.6046207286e+04,-2.5990797982e+04,1.0315388904e+05,1.5926794310e+05,3.0761387823e+05,4.2439700083e+05,4.7037686388e+05,5.2099410410e+05,5.4781569088e+05,5.8948404653e+05,6.6397751237e+05
-2.6173428279e+05,-2.4526532716e+05,-2.1672844798e+05,-1.9522104475e+05,-1.7482732823e+05,-1.6164929894e+05,-1.4983562540e+05,-1.2424589787e+05,-9.7839705491e+04,-1.0440723422e+05,-8.1001908287e+04,-7.2264301911e+04,-3.3210066200e+04,7.4520323229e+04,1.1245012927e+05,2.5084092271e+05,3.4618109982e+05,4.3433781857e+05,5.5357749771e+05,5.6694173828e+05,5.7294347119e+05,6.4436624134e+05,6.5470275806e+05
-2.5270661653e+05,-2.6824093475e+05,-2.3224128028e+05,-2.1156824684e+05,-1.8744672366e+05,-1.7364918376e+05,-1.6264839409e+05,-1.4023858233e+05,-1.1511438301e+05,-1.2047870037e+05,-1.0050395924e+05,-8.2591866168e+04,-2.4837720419e+04,9.9988297223e+04,2.1291827864e+05,2.9220131354e+05,3.8991926550e+05,4.5076738335e+05,5.7611622498e+05,5.8190667969e+05,6.0686973463e+05,6.7215469440e+05,6.8298717771e+05
-2.3427886144e+05,-2.7268135766e+05,-2.4640408078e+05,-2.2275882877e+05,-1.9884858379e+05,-1.8592480452e+05,-1.8028117024e+05,-1.4667719555e+05,-1.7317649358e+05,-1.3155827173e+05,-1.2603639098e+05,-3.8180475073e+04,6.5209759058e+04,1.7249610620e+05,2.5150698615e+05,3.6218094625e+05,4.5193478485e+05,4.8553875954e+05,5.8372940168e+05,5.9796740289e+05,6.3178981773e+05,6.8809008308e+05,6.9494409070e+05
-2.5756959582e+05,-2.5856510998e+05,-2.4013735490e+05,-2.0701323237e+05,-2.4496810531e+05,-1.9600528073e+05,-2.1711519449e+04,-7.8932098252e+04,1.0320044186e+05,1.1122901297e+05,3.9151638536e+05,1.9707599561e+05,2.1628440569e+05,2.0469633428e+05,3.9293445590e+05,6.0365400900e+05,4.6191141246e+05,3.0895316708e+05,2.8638579192e+05,3.0985557561e+05,4.4498767159e+05,6.8412593133e+05,8.2700011952e+05
-2.4035937604e+05,-3.2149736181e+05,-2.6973778699e+05,-2.5167171151e+05,-2.2974891387e+05,-2.0229707352e+05,-1.9933201693e+05,-2.1301854626e+05,-1.9199815715e+05,-1.6256961240e+05,-7.1870393427e+04,2.7723995312e+04,1.7182288079e+05,2.2839530108e+05,3.6008248832e+05,4.5103953830e+05,5.3756332734e+05,6.0466384712e+05,6.1761985526e+05,6.5231961173e+05,6.9995389042e+05,7.3747188304e+05,7.2836185410e+05
-2.5771999724e+05,-3.2268983022e+05,-2.7480130150e+05,-2.6436988865e+05,-2.3673899898e+05,-2.2371137111e+05,-2.0249760874e+05,-2.5137090867e+05,-1.3703718065e+05,-1.3753135675e+05,3.7865348286e+04,1.5350971726e+05,1.9545022786e+05,3.0363898353e+05,4.1333175341e+05,5.0721088814e+05,6.0056719888e+05,6.1464047473e+05,5.7244213311e+05,5.9135690233e+05,7.2398946993e+05,7.3499025959e+05,7.7340707976e+05
-3.0233908553e+05,-3.3386966920e+05,-2.9255941217e+05,-2.6997055109e+05,-2.3527795660e+05,-2.7052202297e+05,-2.2936932934e+05,-2.8508231294e+05,-1.3373551136e+05,-1.1221378418e+05,3.9011263876e+04,1.4829580133e+05,2.3184020983e+05,3.0683322324e+05,4.3264759308e+05,5.2126267806e+05,5.9556098015e+05,6.4214244889e+05,6.0099691723e+05,6.2225365143e+05,7.5430251828e+05,7.6584761785e+05,7.7504717145e+05
-2.6313086741e+05,-3.2143648504e+05,-3.5484708647e+05,-3.5235472006e+05,-2.9198645437e+05,-3.0671863168e+05,-2.4520445040e+05,-2.3370948463e+05,-2.3796369626e+05,-2.1727275789e+05,-1.7481658527e+05,-7.6747696658e+04,8.2527408416e+04,1.9832217881e+05,3.1794144249e+05,4.3117938873e+05,5.5170822290e+05,6.5068668201e+05,7.0431553164e+05,7.3459635111e+05,7.3986040085e+05,7.8999778891e+05,9.1211299999e+05
-3.0621729361e+05,-3.4591610684e+05,-3.4196269805e+05,-3.7338227114e+05,-3.0296575812e+05,-3.3617582432e+05,-2.6629645923e+05,-3.0888154735e+05,-2.3923852736e+05,-1.8062494492e+05,-8.7333091923e+04,4.7061320898e+04,1.8629006511e+05,2.7793466445e+05,3.6929278488e+05,5.4196794039e+05,5.9244552214e+05,6.7147072603e+05,7.0225288357e+05,7.2227775851e+05,7.4307612648e+05,8.5299807947e+05,9.0987488360e+05
-3.0787170924e+05,-3.5615056545e+05,-3.7943413785e+05,-3.9657989987e+05,-3.3073988724e+05,-2.9851817324e+05,-3.1529151269e+05,-3.3225106342e+05,-1.8837419909e+05,-1.4699948431e+05,-5.5791765301e+04,1.1419048857e+05,2.4452406302e+05,3.0445544839e+05,4.1588141560e+05,5.4918720861e+05,6.0055287494e+05,7.0287597518e+05,7.2261437122e+05,7.1899041317e+05,7.9269427154e+05,8.9648199514e+05,9.0969583429e+05
-2.9245198258e+05,-3.5050693117e+05,-3.3179985916e+05,-3.2500314732e+05,-4.2367364161e+05,-3.2320549223e+05,-3.5120164250e+05,-3.2024759762e+05,-1.7302609216e+05,-1.5252136506e+05,2.5682833167e+04,1.2498358103e+05,2.9142065855e+05,3.7960602519e+05,4.5459187663e+05,5.7416816847e+05,6.2862064493e+05,7.6171157876e+05,7.3450324547e+05,7.2408973754e+05,7.7907936193e+05,9.1343796489e+05,9.2084702538e+05
-2.5228047917e+05,-3.3142027462e+05,-3.7785134194e+05,-4.0495224565e+05,-4.1429145771e+05,-3.6024005172e+05,-3.8037235624e+05,-2.7673145308e+05,-1.5926794310e+05,-9.9787761995e+04,1.1538653797e+05,1.8254435353e+05,3.5960263617e+05,4.0033993540e+05,4.8374826643e+05,5.9728701551e+05,6.9004888254e+05,7.9620363803e+05,7.6057282515e+05,7.3323557635e+05,7.9951963127e+05,9.1698672223e+05,9.3311548416e+05
-3.7998560973e+05,-2.9616904628e+05,-4.0084127347e+05,-3.6808241154e+05,-3.5269849474e+05,-3.4070219090e+05,-3.2738092216e+05,-2.1102035595e+05,-1.4109085705e+05,-1.2198987656e+05,1.3977305412e+05,2.0577779212e+05,3.8887361753e+05,4.1716340866e+05,5.4064297548e+05,6.0958412218e+05,7.3205385089e+05,8.0596540647e+05,7.6464798746e+05,7.3588550615e+05,8.0789197705e+05,9.2569209973e+05,9.5517077829e+05
